text,intent,action_type,verb,category_code,value,goal_name,enabled,theme,verbal_style,time_range,query,note
Đừng cho tui xài quá 500k cho đồ ăn mỗi tháng nha Mimo,Action,SET_LIMIT,SET,Food,500000,nan,nan,nan,nan,nan,nan,nan
Bật nhắc nhở chi tiêu cho mục giải trí đi bro,Action,SET_ALERT,nan,Entertainment,nan,nan,true,nan,nan,nan,nan,nan
Tui muốn tích cóp 10 củ để sắm con lap mới á Mimo,Action,SET_GOAL,nan,nan,10000000,sắm con lap mới,nan,nan,nan,nan,nan,nan
Tui mún tích cóp 5 củ để mua con laptop mới,Action,ADD_GOAL,ADD,nan,5000000,mua con laptop mới,nan,nan,nan,nan,nan,nan
Chuyển giao diện sang tông tối nha Mimo,Action,SYSTEM_SETTING,,,,,,dark,,,,
"Mimo ơi, nói chuyện tếu táo lên đi!",Action,SET_TONE,,,,,,,funny,,,
Đổi tên acc Mimo của tui thành 7777 đi,Action,SET_USERNAME,,,7777.0,,,,,,,
Lương tháng này của tui là 15 củ nha Mimo,Action,SET_INCOME,,,15000000.0,,,,,,,
thêm 1tr vào giới hạn di chuyển,Action,SET_LIMIT,ADD,Transport,1000000,,,,,,,
thêm vào ngân sách di chuyển 1 tr,Action,SET_LIMIT,ADD,Transport,1000000,,,,,,,
thêm vào ăn uống 1tr,Action,SET_LIMIT,ADD,Food,1000000,,,,,,,
thêm vào giới hạn ăn uống 1tr,Action,SET_LIMIT,ADD,Food,1000000,,,,,,,
tăng hạn mức đi lại thêm 1tr,Action,SET_LIMIT,ADD,Transport,1000000,,,,,,,
thêm vào hạn mức đồ dùng cần thiết 2tr,Action,SET_LIMIT,ADD,Essentials,2000000,,,,,,,
bù 2tr vào mục tiêu mua nhà,Action,ADD_GOAL,ADD,,2000000,mua nhà,,,,,,
giảm hạn mức ăn uống 200k,Action,SET_LIMIT,SUB,Food,200000,,,,,,,
đặt hạn mức ăn uống 2 triệu,Action,SET_LIMIT,SET,Food,2000000,,,,,,,
bật cảnh báo vượt hạn mức cho ăn uống,Action,SET_ALERT,,Food,,,true,,,,,
tắt thông báo chi tiêu,Action,SET_ALERT,,,,,false,,,,,
chuyển sang giao diện tối,Action,SYSTEM_SETTING,,,,,,dark,,,,
tạo mục tiêu mua laptop mới 15 triệu,Action,SET_GOAL,,,15000000,mua laptop mới,,,,,,
đổi sang giọng nói châm chọc nhé,Action,SET_TONE,,,,,,,sarcastic,,,
gọi mình là Khang nhé,Action,SET_USERNAME,,,Khang,,,,,,,
thu nhập hàng tháng của mình là 10 triệu,Action,SET_INCOME,,,10000000,,,,,,,
tìm các giao dịch mua sắm,Action,SEARCH_RECORD,,Shopping,,,,,,,mua sắm,
thống kê chi tiêu ăn uống tháng này,Action,REPORT_GENERAL,,Food,,,,,,tháng này,,
gợi ý ngân sách chi tiêu cho tháng sau,Action,SUGGEST_BUDGET,,,,,,,,tháng sau,,
sửa số tiền giao dịch vừa rồi thành 50k,Action,UPDATE_RECORD,,Food,50000,,,,,,,
Thêm 200k vào ăn uống,Action,SET_LIMIT,ADD,Food,200000,,,,,,,
cộng thêm 100k vào giới hạn đi lại,Action,SET_LIMIT,ADD,Transport,100000,,,,,,,
bớt 50k từ hạn mức giải trí,Action,SET_LIMIT,SUB,Entertainment,50000,,,,,,,
giảm giới hạn ăn uống đi 100k,Action,SET_LIMIT,SUB,Food,100000,,,,,,,
Đặt lại giới hạn thành 500k,Action,SET_LIMIT,SET,,500000,,,,,,,
Đặt giới hạn chi tiêu thành 2tr,Action,SET_LIMIT,SET,,2000000,,,,,,,
đừng cho tui chi quá 1tr tiền ăn mỗi tháng,Action,SET_LIMIT,SET,Food,1000000,,,,,,,
hạn chế chi tiêu giải trí còn 300k thôi,Action,SET_LIMIT,SET,Entertainment,300000,,,,,,,
bật nhắc nhở khi chi quá hạn mức giải trí,Action,SET_ALERT,,Entertainment,,,true,,,,,
đừng cho xài quá 500k đồ ăn mỗi tháng,Action,SET_LIMIT,SET,Food,500000,,,,,,,
muốn tích cóp 10 triệu mua laptop mới,Action,SET_GOAL,,,10000000,mua laptop mới,,,,,,
tích thêm 5 triệu vào mục tiêu mua laptop,Action,ADD_GOAL,ADD,,5000000,mua laptop,,,,,,
sửa lại khoản ăn uống vừa nãy thành 50k,Action,UPDATE_RECORD,,Food,50000,,,,,,,
Mimo ơi tổng bill ăn uống tuần này bao nhiêu rùi?,Action,REPORT_GENERAL,,Food,,,,,,tuần này,,
Check dùm tui tiền đi lại tháng trước coi,Action,REPORT_GENERAL,,Transport,,,,,,tháng trước,,
"Ê app, quý này tui đốt tiền vào giải trí bao nhiêu?",Action,REPORT_GENERAL,,Entertainment,,,,,,quý này,,
Chi phí mua sắm năm ngoái của tui là bn vậy Mimo?,Action,REPORT_GENERAL,,Shopping,,,,,,năm ngoái,,
Hôm qua tui xài bn cho học hành?,Action,REPORT_GENERAL,,Education,,,,,,hôm qua,,
Tình hình sức khoẻ tháng 3 của tui ntn rồi Mimo?,Action,REPORT_GENERAL,,Health,,,,,,tháng 3,,
Từ 1/5 đến 15/5 tui hết bn tiền làm đẹp?,Action,REPORT_GENERAL,,Beauty,,,,,,từ ngày 1 đến ngày 15 tháng 5,,
Thống kê chi nhà cửa nửa đầu năm đi bro,Action,REPORT_GENERAL,,Housing,,,,,,nửa đầu năm,,
Mimo cho tui xem tổng tiền đầu tư 2 tuần gần đây,Action,REPORT_GENERAL,,Investment,,,,,,hai tuần gần đây,,
Chi phí sinh hoạt cả năm nay của tui là bao nhiêu thế?,Action,REPORT_GENERAL,,Essentials,,,,,,cả năm nay,,
Tuần rồi tui chi tiền giao lưu bn vậy,Action,REPORT_GENERAL,,Social,,,,,,tuần rồi,,
Cho tui báo cáo chi tiêu lặt vặt tháng này,Action,REPORT_GENERAL,,Others,,,,,,tháng này,,
Báo cáo food tháng 7 đi Mimo,Action,REPORT_GENERAL,,Food,,,,,,tháng 7,,
Đi lại từ đầu năm đến giờ của tui như nào?,Action,REPORT_GENERAL,,Transport,,,,,,từ đầu năm đến giờ,,
Tiền giải trí tuần trước là bao nhiu vậy?,Action,REPORT_GENERAL,,Entertainment,,,,,,tuần trước,,
Mua sắm trong 3 tháng qua tui xài hết bn rùi,Action,REPORT_GENERAL,,Shopping,,,,,,3 tháng qua,,
Thống kê tiền học từ 1/1 đến 31/3 cho tui,Action,REPORT_GENERAL,,Education,,,,,,từ ngày 1 tháng 1 đến ngày 31 tháng 3,,
Năm ngoái tiền sức khoẻ của tui là bao nhiêu?,Action,REPORT_GENERAL,,Health,,,,,,năm ngoái,,
Cho tui xem chi phí làm đẹp 3 ngày gần nhất,Action,REPORT_GENERAL,,Beauty,,,,,,3 ngày gần nhất,,
Tình hình chi tiền nhà cửa tháng 4 ra sao Mimo?,Action,REPORT_GENERAL,,Housing,,,,,,tháng 4,,
Mimo cho tui xem khoản đầu tư 6 tháng cuối năm của tui,Action,REPORT_GENERAL,,Investment,,,,,,6 tháng cuối năm,,
Thống kê chi tiêu thiết yếu tháng này cho tui đi,Action,REPORT_GENERAL,,Essentials,,,,,,tháng này,,
Giao lưu tuần này của tui hết bn rồi Mimo?,Action,REPORT_GENERAL,,Social,,,,,,tuần này,,
Tổng chi khác tháng trước là bn vậy?,Action,REPORT_GENERAL,,Others,,,,,,tháng trước,,
Báo cáo ăn uống hôm nay cho tui nha,Action,REPORT_GENERAL,,Food,,,,,,hôm nay,,
Nửa đầu năm nay tui chi bao nhiêu cho đi lại?,Action,REPORT_GENERAL,,Transport,,,,,,nửa đầu năm nay,,
Giải trí từ 15/6 đến 30/6 tốn bao nhiêu,Action,REPORT_GENERAL,,Entertainment,,,,,,từ ngày 15 tháng 6 đến ngày 30 tháng 6,,
Check giùm tui mua sắm quý 1 năm nay,Action,REPORT_GENERAL,,Shopping,,,,,,quý 1 năm nay,,
Học hành trong 5 ngày gần đây của tui,Action,REPORT_GENERAL,,Education,,,,,,5 ngày gần đây,,
Cả năm nay tui đã xài bn tiền cho sức khoẻ rùi?,Action,REPORT_GENERAL,,Health,,,,,,cả năm nay,,
Tình hình làm đẹp tháng trước của tui Mimo ơi,Action,REPORT_GENERAL,,Beauty,,,,,,tháng trước,,
Chi tiêu nhà cửa tuần vừa rồi là bao nhiêu?,Action,REPORT_GENERAL,,Housing,,,,,,tuần vừa rồi,,
Khoản đầu tư 2 tháng gần nhất của tui như nào?,Action,REPORT_GENERAL,,Investment,,,,,,2 tháng gần nhất,,
Tổng chi sinh hoạt năm nay của tui,Action,REPORT_GENERAL,,Essentials,,,,,,năm nay,,
Social media tháng 8 của tui là bao nhiêu Mimo?,Action,REPORT_GENERAL,,Social,,,,,,tháng 8,,
Mấy khoản chi khác trong tuần này của tui,Action,REPORT_GENERAL,,Others,,,,,,tuần này,,
Tình hình chi ăn uống 3 ngày qua của tui,Action,REPORT_GENERAL,,Food,,,,,,3 ngày qua,,
Xem lại chi phí đi lại tháng trước cho tui,Action,REPORT_GENERAL,,Transport,,,,,,tháng trước,,
Chi tiền học hành tháng này hết bn rồi?,Action,REPORT_GENERAL,,Education,,,,,,tháng này,,
Báo cáo chi phí làm đẹp năm ngoái,Action,REPORT_GENERAL,,Beauty,,,,,,năm ngoái,,
Tổng kết chi tiêu Ăn uống trong tuần này như nào Mimo?,Action,REPORT_GENERAL,,Food,,,,,,tuần này,,
Cho tui xem report về Giao thông của tháng trước đi,Action,REPORT_GENERAL,,Transport,,,,,,tháng trước,,
Tình hình mua sắm của tháng này ra sao rồi?,Action,REPORT_GENERAL,,Shopping,,,,,,tháng này,,
Chi tiêu cho Giải trí của năm ngoái đi,Action,REPORT_GENERAL,,Entertainment,,,,,,năm ngoái,,
Báo cáo chi tiêu Sức khỏe 3 tháng gần đây,Action,REPORT_GENERAL,,Health,,,,,,3 tháng gần đây,,
Mày thống kê tiền Điện nước tháng này xem,Action,REPORT_GENERAL,,Housing,,,,,,tháng này,,
Report chi phí Học tập của tớ tuần trước,Action,REPORT_GENERAL,,Education,,,,,,tuần trước,,
Thống kê chi tiêu làm đẹp hôm nay,Action,REPORT_GENERAL,,Beauty,,,,,,hôm nay,,
Chi phí Đầu tư từ đầu năm đến giờ,Action,REPORT_GENERAL,,Investment,,,,,,từ đầu năm đến giờ,,
Xem chi tiêu linh tinh ngày hôm qua,Action,REPORT_GENERAL,,Others,,,,,,ngày hôm qua,,
Tiền đi chơi với bạn bè tuần trước,Action,REPORT_GENERAL,,Social,,,,,,tuần trước,,
Cho tớ cái report về chi tiêu Nhu yếu phẩm trong 7 ngày qua,Action,REPORT_GENERAL,,Essentials,,,,,,7 ngày qua,,
Báo cáo chi tiêu cho nhà cửa tháng này,Action,REPORT_GENERAL,,Housing,,,,,,tháng này,,
Xem tiền học của tớ năm nay hết bao nhiêu,Action,REPORT_GENERAL,,Education,,,,,,năm nay,,
Tình hình chi tiêu giải trí của tui hai tuần qua,Action,REPORT_GENERAL,,Entertainment,,,,,,hai tuần qua,,
Hôm qua tui tiêu xài cho làm đẹp bao nhiêu?,Action,REPORT_GENERAL,,Beauty,,,,,,hôm qua,,
Tổng kết chi tiêu đi lại trong tháng trước đi Mimo,Action,REPORT_GENERAL,,Transport,,,,,,tháng trước,,
Cho tui xem overview về tiền ăn trong tháng này,Action,REPORT_GENERAL,,Food,,,,,,tháng này,,
Báo cáo chi tiêu sức khoẻ từ đầu tháng đến giờ,Action,REPORT_GENERAL,,Health,,,,,,từ đầu tháng,,
Report tiền mua sắm của quý này,Action,REPORT_GENERAL,,Shopping,,,,,,quý này,,
Tình hình đầu tư của tôi trong năm nay,Action,REPORT_GENERAL,,Investment,,,,,,năm nay,,
Thống kê chi phí linh tinh hôm nay,Action,REPORT_GENERAL,,Others,,,,,,hôm nay,,
Tiền chi cho giao tiếp xã hội tuần này,Action,REPORT_GENERAL,,Social,,,,,,tuần này,,
Báo cáo chi tiêu đồ dùng thiết yếu tháng trước,Action,REPORT_GENERAL,,Essentials,,,,,,tháng trước,,
Chi phí thuê nhà tháng trước ntn?,Action,REPORT_GENERAL,,Housing,,,,,,tháng trước,,
Hnay tốn tiền học bnhieu?,Action,REPORT_GENERAL,,Education,,,,,,hôm nay,,
Show tui tiền đi chơi hqua,Action,REPORT_GENERAL,,Entertainment,,,,,,hôm qua,,
Tkê chi phí làm đẹp tnay,Action,REPORT_GENERAL,,Beauty,,,,,,tuần này,,
Xem chi tiêu di chuyển của 3 ngày gần đây,Action,REPORT_GENERAL,,Transport,,,,,,3 ngày gần đây,,
Tổng hợp tiền ăn uống của tháng trước đó,Action,REPORT_GENERAL,,Food,,,,,,tháng trước đó,,
Report y tế của 1 tháng gần nhất,Action,REPORT_GENERAL,,Health,,,,,,1 tháng gần nhất,,
Thống kê chi tiêu mua sắm của năm ngoái,Action,REPORT_GENERAL,,Shopping,,,,,,năm ngoái,,
Tiền đầu tư từ đầu quý đến nay,Action,REPORT_GENERAL,,Investment,,,,,,từ đầu quý đến nay,,
Chi phí lặt vặt của tuần trước đó,Action,REPORT_GENERAL,,Others,,,,,,tuần trước đó,,
Báo cáo tiền đi cafe với bạn bè tháng này,Action,REPORT_GENERAL,,Social,,,,,,tháng này,,
Xem tiền chi cho nhu yếu phẩm quý trước,Action,REPORT_GENERAL,,Essentials,,,,,,quý trước,,
Thống kê chi phí nhà ở năm ngoái,Action,REPORT_GENERAL,,Housing,,,,,,năm ngoái,,
Report chi phí học hành trong tháng 10,Action,REPORT_GENERAL,,Education,,,,,,trong tháng 10,,
Tình hình chi tiêu giải trí 3 ngày trước,Action,REPORT_GENERAL,,Entertainment,,,,,,3 ngày trước,,
Chi phí làm đẹp của tuần trước,Action,REPORT_GENERAL,,Beauty,,,,,,tuần trước,,
tui đã ăn chơi nhảy múa hết bao nhiu xiền trong tháng này rùi Mimo?,Action,REPORT_GENERAL,,Food,,,,,,tháng này,,
bao tien an uong hom nay cua tui vay?,Action,REPORT_GENERAL,,Food,,,,,,hôm nay,,
report chi tiêu cho đồ ăn của tui tuần trước với,Action,REPORT_GENERAL,,Food,,,,,,tuần trước,,
tổng tiền ăn uống từ đầu năm đến giờ là nhiêu?,Action,REPORT_GENERAL,,Food,,,,,,từ đầu năm,,
tính dùm tui tiền shopping trong 7 ngày qua đi,Action,REPORT_GENERAL,,Shopping,,,,,,7 ngày qua,,
show cho tui đã chi bao nhiêu cho mua sắm tháng trước đi,Action,REPORT_GENERAL,,Shopping,,,,,,tháng trước,,
check giùm em tiền mua đồ hôm nay hết nhiêu?,Action,REPORT_GENERAL,,Shopping,,,,,,hôm nay,,
bao cao chi tieu mua sam tu dau thang toi gio cho tui,Action,REPORT_GENERAL,,Shopping,,,,,,từ đầu tháng,,
tien di lai cua tui tuan nay la bao nhieu?,Action,REPORT_GENERAL,,Transport,,,,,,tuần này,,
thong ke tien do xang xe cua tui trong 30 ngay qua,Action,REPORT_GENERAL,,Transport,,,,,,30 ngày qua,,
mimo ơi cho tui biết tiền di chuyển năm nay của tui?,Action,REPORT_GENERAL,,Transport,,,,,,năm nay,,
tổng chi phí giao thông hôm qua của tui,Action,REPORT_GENERAL,,Transport,,,,,,hôm qua,,
tui da quẩy hết bao nhiêu tiền cho giải trí tháng này rùi?,Action,REPORT_GENERAL,,Entertainment,,,,,,tháng này,,
báo cáo tiền đi chơi bời của tui tuần trước,Action,REPORT_GENERAL,,Entertainment,,,,,,tuần trước,,
tiền giải trí từ đầu năm của tui là bao nhiêu?,Action,REPORT_GENERAL,,Entertainment,,,,,,từ đầu năm,,
chi phi giai tri trong 3 ngay gan nhat cua tui la gi?,Action,REPORT_GENERAL,,Entertainment,,,,,,3 ngày gần nhất,,
tiền làm đẹp của tui tuần này là bao nhiêu Mimo?,Action,REPORT_GENERAL,,Beauty,,,,,,tuần này,,
bao cao tien my pham thang truoc di,Action,REPORT_GENERAL,,Beauty,,,,,,tháng trước,,
cho tui biết tổng tiền đã chi cho skincare từ đầu tháng đến giờ,Action,REPORT_GENERAL,,Beauty,,,,,,từ đầu tháng,,
thống kê chi phí học hành tháng này của tui đi,Action,REPORT_GENERAL,,Education,,,,,,tháng này,,
tien hoc phi nam nay cua tui la bao nhiu?,Action,REPORT_GENERAL,,Education,,,,,,năm nay,,
báo cáo chi phí cho giáo dục trong 30 ngày qua,Action,REPORT_GENERAL,,Education,,,,,,30 ngày qua,,
tiền khám bệnh của tui hôm nay hết nhiêu?,Action,REPORT_GENERAL,,Health,,,,,,hôm nay,,
thống kê chi phí y tế của tui tháng trước,Action,REPORT_GENERAL,,Health,,,,,,tháng trước,,
bao cao tien thuoc men tu dau nam toi gio,Action,REPORT_GENERAL,,Health,,,,,,từ đầu năm,,
"tiền nhà, điện, nước tháng này là bao nhiêu?",Action,REPORT_GENERAL,,Housing,,,,,,tháng này,,
thống kê chi phí nhà ở của tui năm nay đi,Action,REPORT_GENERAL,,Housing,,,,,,năm nay,,
show cho tui tiền thuê nhà tuần trước,Action,REPORT_GENERAL,,Housing,,,,,,tuần trước,,
thống kê tiền đầu tư của tui trong tháng này đi Mimo,Action,REPORT_GENERAL,,Investment,,,,,,tháng này,,
chi phí đầu tư của tui trong năm nay là nhiêu?,Action,REPORT_GENERAL,,Investment,,,,,,năm nay,,
bao cao tien dau tu tu dau nam den gio,Action,REPORT_GENERAL,,Investment,,,,,,từ đầu năm,,
tiền nhu yếu phẩm tuần này của tui hết bao nhiêu rùi?,Action,REPORT_GENERAL,,Essentials,,,,,,tuần này,,
thong ke chi tieu cho sinh hoat phi thang truoc,Action,REPORT_GENERAL,,Essentials,,,,,,tháng trước,,
cho tui biết tiền mua đồ dùng thiết yếu hôm qua,Action,REPORT_GENERAL,,Essentials,,,,,,hôm qua,,
tien di choi ban be thang nay het bao nhiu?,Action,REPORT_GENERAL,,Social,,,,,,tháng này,,
bao cao chi phi giao luu cua tui trong 7 ngay qua,Action,REPORT_GENERAL,,Social,,,,,,7 ngày qua,,
tổng tiền cho các hoạt động xã hội từ đầu năm đến giờ,Action,REPORT_GENERAL,,Social,,,,,,từ đầu năm,,
cho tui biết tiền chi tiêu linh tinh tháng này,Action,REPORT_GENERAL,,Others,,,,,,tháng này,,
tổng chi phí khác của tui trong tuần này,Action,REPORT_GENERAL,,Others,,,,,,tuần này,,
bao cao tien chi tieu khong phan loai duoc thang truoc,Action,REPORT_GENERAL,,Others,,,,,,tháng trước,,
Cho tui xem báo cáo chi tiêu cho mục Food tháng này.,Action,REPORT_GENERAL,,Food,,,,,,tháng này,,
Thống kê tiền xài cho Entertainment tuần trước hộ tui nha.,Action,REPORT_GENERAL,,Entertainment,,,,,,tuần trước,,
"Mimo ơi, tổng chi phí Housing của tui hôm qua là bao nhiêu?",Action,REPORT_GENERAL,,Housing,,,,,,hôm qua,,
Liệt kê các khoản Shopping trong quý này giúp tớ với.,Action,REPORT_GENERAL,,Shopping,,,,,,quý này,,
Check dùm tui coi Education tốn bao nhiêu năm ngoái.,Action,REPORT_GENERAL,,Education,,,,,,năm ngoái,,
Xem tổng xài cho Transport từ đầu tháng nha.,Action,REPORT_GENERAL,,Transport,,,,,,từ đầu tháng,,
Bao nhiêu tiền đổ vào Beauty trong 7 ngày gần đây?,Action,REPORT_GENERAL,,Beauty,,,,,,7 ngày gần đây,,
Review chi tiêu Health tháng 2 vừa rồi đi Mimo.,Action,REPORT_GENERAL,,Health,,,,,,tháng 2 vừa rồi,,
Tổng cộng Essentials hết bao nhiêu tháng trước?,Action,REPORT_GENERAL,,Essentials,,,,,,tháng trước,,
Report chi phí Social 2 tuần gần nhất giùm nha.,Action,REPORT_GENERAL,,Social,,,,,,2 tuần gần nhất,,
Cho tui cai bao cao chi tieu Investment trong thang nay.,Action,REPORT_GENERAL,,Investment,,,,,,tháng này,,
Tinh tong tien Others quý trước coi.,Action,REPORT_GENERAL,,Others,,,,,,quý trước,,
Chi tiêu Food của tui hôm nay là bao nhiêu?,Action,REPORT_GENERAL,,Food,,,,,,hôm nay,,
Tổng kết Shopping của tháng 3 năm nay.,Action,REPORT_GENERAL,,Shopping,,,,,,tháng 3 năm nay,,
Báo cáo chi tiêu Health trong 3 ngày qua.,Action,REPORT_GENERAL,,Health,,,,,,3 ngày qua,,
Xem tổng kết tiền xài cho Transport năm nay.,Action,REPORT_GENERAL,,Transport,,,,,,năm nay,,
"Mimo, cho xem chi phí Beauty trong tuần này luôn.",Action,REPORT_GENERAL,,Beauty,,,,,,tuần này,,
Chi tiết tiền Housing từ 1/1 đến 30/6.,Action,REPORT_GENERAL,,Housing,,,,,,từ 1/1 đến 30/6,,
Liệt kê chi tiêu Entertainment của tháng 12 năm ngoái.,Action,REPORT_GENERAL,,Entertainment,,,,,,tháng 12 năm ngoái,,
Report các khoản Essentials trong 3 tháng cuối năm.,Action,REPORT_GENERAL,,Essentials,,,,,,3 tháng cuối năm,,
Thống kê Investment cả năm giùm tui.,Action,REPORT_GENERAL,,Investment,,,,,,cả năm,,
Check chi tiêu Education từ đầu năm đến giờ.,Action,REPORT_GENERAL,,Education,,,,,,từ đầu năm,,
Báo cáo Social của tuần này.,Action,REPORT_GENERAL,,Social,,,,,,tuần này,,
Cho xem chi tiêu Others trong tháng 1 vừa rồi.,Action,REPORT_GENERAL,,Others,,,,,,tháng 1 vừa rồi,,
"Mimo, tổng tiền Food tháng 11 năm ngoái.",Action,REPORT_GENERAL,,Food,,,,,,tháng 11 năm ngoái,,
Thống kê chi phí Entertainment của quý 2.,Action,REPORT_GENERAL,,Entertainment,,,,,,quý 2,,
Liệt kê khoản chi Housing trong 30 ngày qua.,Action,REPORT_GENERAL,,Housing,,,,,,30 ngày qua,,
Tổng hợp Shopping của ngày hôm qua đi.,Action,REPORT_GENERAL,,Shopping,,,,,,ngày hôm qua,,
Review tiền Health 6 tháng đầu năm.,Action,REPORT_GENERAL,,Health,,,,,,6 tháng đầu năm,,
Xem chi phí Transport trong tuần trước.,Action,REPORT_GENERAL,,Transport,,,,,,tuần trước,,
Báo cáo Beauty cả tháng 4 đi Mimo.,Action,REPORT_GENERAL,,Beauty,,,,,,cả tháng 4,,
Tổng chi phí Essentials từ tháng 7 đến tháng 9.,Action,REPORT_GENERAL,,Essentials,,,,,,từ tháng 7 đến tháng 9,,
Check dùm tui Investment của tháng trước.,Action,REPORT_GENERAL,,Investment,,,,,,tháng trước,,
"Mimo, thống kê Social trong 10 ngày gần nhất.",Action,REPORT_GENERAL,,Social,,,,,,10 ngày gần nhất,,
Cho tui xem chi phí Education của năm 2023.,Action,REPORT_GENERAL,,Education,,,,,,năm 2023,,
Báo cáo Other hôm qua.,Action,REPORT_GENERAL,,Others,,,,,,hôm qua,,
Tổng tiền Food quý 1 năm nay là bao nhiêu?,Action,REPORT_GENERAL,,Food,,,,,,quý 1 năm nay,,
Xem chi phí Entertainment từ đầu năm đến nay.,Action,REPORT_GENERAL,,Entertainment,,,,,,từ đầu năm đến nay,,
Liệt kê các khoản Housing trong tháng 5.,Action,REPORT_GENERAL,,Housing,,,,,,tháng 5,,
Thống kê Health của tuần trước nha Mimo.,Action,REPORT_GENERAL,,Health,,,,,,tuần trước,,
Chi tiêu ăn uống tuần này của em ntn ạ?,Action,REPORT_GENERAL,,Food,,,,,,tuần này,,
tổng kết khoản giải trí của tui tháng trước đi,Action,REPORT_GENERAL,,Entertainment,,,,,,tháng trước,,
show tui cái report về shopping năm nay coi nào,Action,REPORT_GENERAL,,Shopping,,,,,,năm nay,,
Xem giùm tui mấy vụ đi lại hôm qua với,Action,REPORT_GENERAL,,Transport,,,,,,hôm qua,,
Thống kê chi phí làm đẹp từ đầu tháng tới giờ,Action,REPORT_GENERAL,,Beauty,,,,,,từ đầu tháng tới giờ,,
Báo cáo chi tiêu giáo dục của quý trước,Action,REPORT_GENERAL,,Education,,,,,,quý trước,,
"Mimo ơi, cho tớ xem chi tiêu thiết yếu 3 ngày gần nhất nha",Action,REPORT_GENERAL,,Essentials,,,,,,3 ngày gần nhất,,
Thống kê khoản đầu tư trong năm ngoái,Action,REPORT_GENERAL,,Investment,,,,,,năm ngoái,,
Lên báo cáo chi phí sức khỏe tháng này hộ tui,Action,REPORT_GENERAL,,Health,,,,,,tháng này,,
Mấy khoản housing của mình quý này ntn rùi?,Action,REPORT_GENERAL,,Housing,,,,,,quý này,,
Báo cáo chi tiêu xã hội hóa từ 1/1 đến 31/3,Action,REPORT_GENERAL,,Social,,,,,,từ 1/1 đến 31/3,,
Xuất báo cáo chi tiêu khác của tháng 2 đi,Action,REPORT_GENERAL,,Others,,,,,,tháng 2,,
Cho tớ coi tổng chi tiêu ăn uống của 2 tuần vừa rồi,Action,REPORT_GENERAL,,Food,,,,,,2 tuần vừa rồi,,
Tk chi phí đi lại của tui tuần trước vs,Action,REPORT_GENERAL,,Transport,,,,,,tuần trước,,
Report chi phí shopping tháng trước của tui,Action,REPORT_GENERAL,,Shopping,,,,,,tháng trước,,
Xem lại chi tiêu giải trí của năm 2023,Action,REPORT_GENERAL,,Entertainment,,,,,,năm 2023,,
Tổng hợp chi phí làm đẹp từ đầu năm tới giờ,Action,REPORT_GENERAL,,Beauty,,,,,,từ đầu năm tới giờ,,
Thống kê chi phí học hành của tháng trước,Action,REPORT_GENERAL,,Education,,,,,,tháng trước,,
Mấy khoản chi thiết yếu của hôm nay là bao nhiêu?,Action,REPORT_GENERAL,,Essentials,,,,,,hôm nay,,
Báo cáo chi tiêu đầu tư của quý 1 năm nay,Action,REPORT_GENERAL,,Investment,,,,,,quý 1 năm nay,,
Cho xin report chi phí sức khỏe của tháng 11,Action,REPORT_GENERAL,,Health,,,,,,tháng 11,,
Check mấy vụ housing của tui tháng này,Action,REPORT_GENERAL,,Housing,,,,,,tháng này,,
Xem dùm tui chi phí giao lưu từ 10/4 tới giờ,Action,REPORT_GENERAL,,Social,,,,,,từ 10/4 tới giờ,,
Báo cáo chi tiêu linh tinh của tuần này đi Mimo,Action,REPORT_GENERAL,,Others,,,,,,tuần này,,
Tổng hợp chi phí đồ ăn thức uống 7 ngày qua,Action,REPORT_GENERAL,,Food,,,,,,7 ngày qua,,
Cho tui xem thống kê đi lại của tháng trước,Action,REPORT_GENERAL,,Transport,,,,,,tháng trước,,
Chi phí mua sắm năm ngoái của tui là bao nhiêu?,Action,REPORT_GENERAL,,Shopping,,,,,,năm ngoái,,
Report chi tiêu chơi bời của hôm qua,Action,REPORT_GENERAL,,Entertainment,,,,,,hôm qua,,
Thống kê chi phí spa của tháng này,Action,REPORT_GENERAL,,Beauty,,,,,,tháng này,,
Cho tui biết chi phí giáo dục của tuần trước,Action,REPORT_GENERAL,,Education,,,,,,tuần trước,,
Mấy khoản thiết yếu của quý này là gì vậy Mimo?,Action,REPORT_GENERAL,,Essentials,,,,,,quý này,,
Xem chi tiêu đầu tư của 3 tháng gần nhất,Action,REPORT_GENERAL,,Investment,,,,,,3 tháng gần nhất,,
Tổng kết chi phí y tế của năm nay,Action,REPORT_GENERAL,,Health,,,,,,năm nay,,
Cho tớ xem chi phí nhà cửa từ đầu năm,Action,REPORT_GENERAL,,Housing,,,,,,từ đầu năm,,
Tk chi phí xã hội tháng 6 đi Mimo,Action,REPORT_GENERAL,,Social,,,,,,tháng 6,,
Report các chi phí khác của 2 tuần qua,Action,REPORT_GENERAL,,Others,,,,,,2 tuần qua,,
Thống kê chi tiêu ăn vặt của tháng này,Action,REPORT_GENERAL,,Food,,,,,,tháng này,,
Xem tổng chi phí đi lại của quý vừa rồi,Action,REPORT_GENERAL,,Transport,,,,,,quý vừa rồi,,
Báo cáo chi phí mua sắm của hôm nay,Action,REPORT_GENERAL,,Shopping,,,,,,hôm nay,,
Cho tui coi chi tiêu giải trí của tuần trước,Action,REPORT_GENERAL,,Entertainment,,,,,,tuần trước,,
Tổng chi cho Food tuần này là bao nhiêu?,Action,REPORT_GENERAL,,Food,,,,,,tuần này,,
Cho tui xem tiền tiêu Entertainment tháng trước đi Mimo.,Action,REPORT_GENERAL,,Entertainment,,,,,,tháng trước,,
Report Shopping của quý này coi.,Action,REPORT_GENERAL,,Shopping,,,,,,quý này,,
Check tiền xài cho Transport hôm qua giúp tui.,Action,REPORT_GENERAL,,Transport,,,,,,hôm qua,,
Tiền đi học thêm Education tháng này hết nhiu rồi?,Action,REPORT_GENERAL,,Education,,,,,,tháng này,,
Báo cáo chi tiêu Health 2 tuần gần đây.,Action,REPORT_GENERAL,,Health,,,,,,2 tuần gần đây,,
Thống kê chi phí Housing trong năm ngoái.,Action,REPORT_GENERAL,,Housing,,,,,,năm ngoái,,
Liệt kê các khoản chi Social từ đầu tháng đến giờ.,Action,REPORT_GENERAL,,Social,,,,,,từ đầu tháng đến giờ,,
Mày báo cáo chi tiêu Beauty năm nay cho tao xem.,Action,REPORT_GENERAL,,Beauty,,,,,,năm nay,,
Xem chi phí Essentials trong tháng 3 dùm.,Action,REPORT_GENERAL,,Essentials,,,,,,tháng 3,,
Tính dùm tiền Investment trong 6 tháng gần nhất đi.,Action,REPORT_GENERAL,,Investment,,,,,,6 tháng gần nhất,,
Chi phí Others tháng 12 bao nhiêu vậy?,Action,REPORT_GENERAL,,Others,,,,,,tháng 12,,
Tiền Food tháng trước đã xài hết bao nhiêu?,Action,REPORT_GENERAL,,Food,,,,,,tháng trước,,
Bao nhiêu tiền cho Entertainment tuần này ròi?,Action,REPORT_GENERAL,,Entertainment,,,,,,tuần này,,
Coi lại tiền tiêu cho Shopping năm ngoái xem nào.,Action,REPORT_GENERAL,,Shopping,,,,,,năm ngoái,,
Tổng kết Transport 3 tháng gần nhất.,Action,REPORT_GENERAL,,Transport,,,,,,3 tháng gần nhất,,
Muốn coi tiền Education trong học kỳ này.,Action,REPORT_GENERAL,,Education,,,,,,học kỳ này,,
Liet ke cac khoan chi Health thang truoc.,Action,REPORT_GENERAL,,Health,,,,,,tháng trước,,
Tong ket Housing quy 1 di.,Action,REPORT_GENERAL,,Housing,,,,,,quý 1,,
Tui muon biet da chi bao nhieu cho Social hom nay.,Action,REPORT_GENERAL,,Social,,,,,,hôm nay,,
Xem tổng chi Beauty của tuần trước.,Action,REPORT_GENERAL,,Beauty,,,,,,tuần trước,,
Báo cáo chi tiêu Essentials của tháng này.,Action,REPORT_GENERAL,,Essentials,,,,,,tháng này,,
Cho xem chi phí Investment từ năm ngoái đến giờ.,Action,REPORT_GENERAL,,Investment,,,,,,từ năm ngoái đến giờ,,
Thống kê tiền Others trong 3 ngày gần nhất.,Action,REPORT_GENERAL,,Others,,,,,,3 ngày gần nhất,,
Food đã tốn bao nhiêu vào hôm qua?,Action,REPORT_GENERAL,,Food,,,,,,hôm qua,,
Tiền Entertainment trong 2 tuần qua là bao nhiêu?,Action,REPORT_GENERAL,,Entertainment,,,,,,2 tuần qua,,
Chi phí Shopping tháng 2.,Action,REPORT_GENERAL,,Shopping,,,,,,tháng 2,,
Báo cáo tiền Transport của tháng 10.,Action,REPORT_GENERAL,,Transport,,,,,,tháng 10,,
Tổng chi cho Education trong năm 2023.,Action,REPORT_GENERAL,,Education,,,,,,năm 2023,,
Thống kê chi phí Health của quý 4 năm ngoái.,Action,REPORT_GENERAL,,Health,,,,,,quý 4 năm ngoái,,
Cho tui xem tiền Housing đã chi từ 1/1 đến 31/3.,Action,REPORT_GENERAL,,Housing,,,,,,từ 1/1 đến 31/3,,
Report Social trong cuối tuần trước đi.,Action,REPORT_GENERAL,,Social,,,,,,cuối tuần trước,,
Check tiền xài cho Beauty tháng 7 dùm.,Action,REPORT_GENERAL,,Beauty,,,,,,tháng 7,,
Tiền Essentials quý này hết bao nhiêu?,Action,REPORT_GENERAL,,Essentials,,,,,,quý này,,
Tính dùm tiền Investment của quý 2.,Action,REPORT_GENERAL,,Investment,,,,,,quý 2,,
Chi phí Others trong 3 tháng cuối năm.,Action,REPORT_GENERAL,,Others,,,,,,3 tháng cuối năm,,
Tổng kết chi tiêu Food tháng 11.,Action,REPORT_GENERAL,,Food,,,,,,tháng 11,,
Muốn coi tiền Entertainment cả năm nay.,Action,REPORT_GENERAL,,Entertainment,,,,,,cả năm nay,,
Thống kê tiền Shopping trong tháng trước.,Action,REPORT_GENERAL,,Shopping,,,,,,tháng trước,,
Bao nhiêu tiền cho Transport trong tuần này?,Action,REPORT_GENERAL,,Transport,,,,,,tuần này,,
"Mimo ơi, cho tui xem tổng chi tiêu ăn uống tháng này đi.",Action,REPORT_GENERAL,,Food,,,,,,tháng này,,
Hôm qua tui đã xài bao nhiu tiền đi lại vậy app?,Action,REPORT_GENERAL,,Transport,,,,,,hôm qua,,
Báo cáo chi phí mua sắm của tui trong tuần trước xem nào.,Action,REPORT_GENERAL,,Shopping,,,,,,tuần trước,,
Liệt kê các khoản chi giải trí từ đầu tháng đến giờ.,Action,REPORT_GENERAL,,Entertainment,,,,,,từ đầu tháng đến giờ,,
Tình hình tiền học của tui trong quý 1 năm nay ra sao?,Action,REPORT_GENERAL,,Education,,,,,,quý 1 năm nay,,
Xem giúp tiền khám bệnh tháng trước nha.,Action,REPORT_GENERAL,,Health,,,,,,tháng trước,,
Chi tiêu làm đẹp của tui tuần này là bao nhiêu?,Action,REPORT_GENERAL,,Beauty,,,,,,tuần này,,
Tổng kết tiền thuê nhà và sinh hoạt phí tháng 12 đi Mimo.,Action,REPORT_GENERAL,,Housing,,,,,,tháng 12,,
Các khoản đầu tư của tui trong năm 2023.,Action,REPORT_GENERAL,,Investment,,,,,,năm 2023,,
Tiền giao lưu bạn bè của tui tháng này.,Action,REPORT_GENERAL,,Social,,,,,,tháng này,,
Report chi phí nhu yếu phẩm trong 7 ngày gần đây.,Action,REPORT_GENERAL,,Essentials,,,,,,7 ngày gần đây,,
Tổng chi tiêu của tất cả các danh mục trong tháng 10 năm ngoái.,Action,REPORT_GENERAL,,Others,,,,,,tháng 10 năm ngoái,,
Mấy hôm rày tui đã đốt tiền cho đồ ăn vặt bao nhiêu?,Action,REPORT_GENERAL,,Food,,,,,,mấy hôm rày,,
Chi phí xăng xe từ 1/11 đến 15/11.,Action,REPORT_GENERAL,,Transport,,,,,,từ 1/11 đến 15/11,,
Tui đã tiêu bn tiền mua sắm online trong quý này?,Action,REPORT_GENERAL,,Shopping,,,,,,quý này,,
Tiền đi chơi với ny hôm cuối tuần là bao nhiêu?,Action,REPORT_GENERAL,,Entertainment,,,,,,cuối tuần,,
Thống kê chi phí học thêm của tui từ đầu năm đến nay.,Action,REPORT_GENERAL,,Education,,,,,,từ đầu năm đến nay,,
Cho xin report tiền thuốc men của tháng trước.,Action,REPORT_GENERAL,,Health,,,,,,tháng trước,,
Xem giúp chi tiêu làm tóc tháng trước.,Action,REPORT_GENERAL,,Beauty,,,,,,tháng trước,,
Tổng tiền điện nước trong tháng 9.,Action,REPORT_GENERAL,,Housing,,,,,,tháng 9,,
Các khoản tiền đã đầu tư vào crypto từ tháng trước.,Action,REPORT_GENERAL,,Investment,,,,,,từ tháng trước,,
Chi phí đi sinh nhật bạn bè trong tháng này.,Action,REPORT_GENERAL,,Social,,,,,,tháng này,,
Báo cáo chi tiêu cho đồ dùng cá nhân trong 30 ngày qua.,Action,REPORT_GENERAL,,Essentials,,,,,,30 ngày qua,,
Tổng tiền đã tiêu từ ngày 1/1/2024 đến 31/1/2024.,Action,REPORT_GENERAL,,Others,,,,,,từ ngày 1/1/2024 đến 31/1/2024,,
Tui muốn xem chi tiêu ăn uống của mình trong tuần này.,Action,REPORT_GENERAL,,Food,,,,,,tuần này,,
Report tiền đi lại hôm kia nha app.,Action,REPORT_GENERAL,,Transport,,,,,,hôm kia,,
Tổng kết tiền shopping đồ công nghệ tháng trước.,Action,REPORT_GENERAL,,Shopping,,,,,,tháng trước,,
Chi phí giải trí trong 3 ngày qua.,Action,REPORT_GENERAL,,Entertainment,,,,,,3 ngày qua,,
Thống kê tiền sách vở từ đầu năm học.,Action,REPORT_GENERAL,,Education,,,,,,đầu năm học,,
Xem giúp chi phí khám tổng quát năm nay.,Action,REPORT_GENERAL,,Health,,,,,,năm nay,,
Tiền mua mỹ phẩm mới từ 1/10 đến 15/10.,Action,REPORT_GENERAL,,Beauty,,,,,,từ 1/10 đến 15/10,,
Tổng chi phí sửa chữa nhà tháng này.,Action,REPORT_GENERAL,,Housing,,,,,,tháng này,,
Báo cáo tiền đầu tư chứng khoán quý 3.,Action,REPORT_GENERAL,,Investment,,,,,,quý 3,,
Chi tiêu cho tiệc tùng từ đầu tháng tới giờ.,Action,REPORT_GENERAL,,Social,,,,,,từ đầu tháng tới giờ,,
"Mimo ơi, cho tui xem tổng chi cho nhu yếu phẩm tuần rồi.",Action,REPORT_GENERAL,,Essentials,,,,,,tuần rồi,,
Tổng hợp chi tiêu của tui trong năm 2022.,Action,REPORT_GENERAL,,Others,,,,,,năm 2022,,
Chi phí ăn uống hôm nay.,Action,REPORT_GENERAL,,Food,,,,,,hôm nay,,
Báo cáo tiền Grab/xe ôm tuần trước.,Action,REPORT_GENERAL,,Transport,,,,,,tuần trước,,
Thống kê chi phí của tất cả các khoản chi trong quý cuối năm.,Action,REPORT_GENERAL,,Others,,,,,,quý cuối năm,,
Xem tổng tiền đã tiêu từ 1/8 đến 31/8 năm ngoái.,Action,REPORT_GENERAL,,Others,,,,,,từ 1/8 đến 31/8 năm ngoái,,
tình hình chi tiêu ăn uống bữa nay ntn?,Action,REPORT_GENERAL,,Food,,,,,,bữa nay,,
thống kê mua sắm tuần này đi Mimo,Action,REPORT_GENERAL,,Shopping,,,,,,tuần này,,
báo cáo chi phí đi lại tháng trước cho tớ,Action,REPORT_GENERAL,,Transport,,,,,,tháng trước,,
check lại tiền học phí quý 1 xem giúp tui,Action,REPORT_GENERAL,,Education,,,,,,quý 1,,
chi tiêu cho giải trí hqua là bao nhiêu?,Action,REPORT_GENERAL,,Entertainment,,,,,,hôm qua,,
xem tớ đã xài bn tiền làm đẹp tháng này rùi,Action,REPORT_GENERAL,,Beauty,,,,,,tháng này,,
tổng tiền nhà tháng rùi là bn Mimo?,Action,REPORT_GENERAL,,Housing,,,,,,tháng trước,,
tình hình đầu tư năm nay ntn rùi ta?,Action,REPORT_GENERAL,,Investment,,,,,,năm nay,,
report chi phí y tế trong 2 ngày qua,Action,REPORT_GENERAL,,Health,,,,,,2 ngày qua,,
thống kê mấy khoản linh tinh tuần trước nha,Action,REPORT_GENERAL,,Others,,,,,,tuần trước,,
số tiền cho các mối quan hệ xã hội tháng 3 ý,Action,REPORT_GENERAL,,Social,,,,,,tháng 3,,
check tiền thiết yếu từ 1/1 đến 31/1 hộ tớ,Action,REPORT_GENERAL,,Essentials,,,,,,từ 1/1 đến 31/1,,
cho tớ biết chi tiêu ăn uống 3 ngày gần nhất,Action,REPORT_GENERAL,,Food,,,,,,3 ngày gần nhất,,
thống kê tiền mua sắm tháng 10 năm ngoái đi,Action,REPORT_GENERAL,,Shopping,,,,,,tháng 10 năm ngoái,,
report các khoản đi lại từ đầu tháng,Action,REPORT_GENERAL,,Transport,,,,,,đầu tháng,,
tình hình tiền học hành nửa đầu năm nay Mimo ơi,Action,REPORT_GENERAL,,Education,,,,,,nửa đầu năm nay,,
chi phí giải trí trong tháng 6 vừa rồi là bn?,Action,REPORT_GENERAL,,Entertainment,,,,,,tháng 6 vừa rồi,,
xem Mimo đã chi cho làm đẹp quý trước bn thui,Action,REPORT_GENERAL,,Beauty,,,,,,quý trước,,
tổng chi cho nhà cửa năm 2023,Action,REPORT_GENERAL,,Housing,,,,,,năm 2023,,
tình hình đầu tư của tôi tháng trước,Action,REPORT_GENERAL,,Investment,,,,,,tháng trước,,
báo cáo chi tiêu sức khỏe trong tuần này,Action,REPORT_GENERAL,,Health,,,,,,tuần này,,
thống kê các khoản khác trong tháng này dùm Mimo,Action,REPORT_GENERAL,,Others,,,,,,tháng này,,
tiền giao lưu hqua là bn thui,Action,REPORT_GENERAL,,Social,,,,,,hôm qua,,
xem chi phí thiết yếu của mình tuần trước,Action,REPORT_GENERAL,,Essentials,,,,,,tuần trước,,
tính hộ tớ tiền ăn cả tuần nay,Action,REPORT_GENERAL,,Food,,,,,,cả tuần nay,,
report chi phí shopping của tháng này Mimo,Action,REPORT_GENERAL,,Shopping,,,,,,tháng này,,
đi lại tháng 7 năm ngoái ntn rùi?,Action,REPORT_GENERAL,,Transport,,,,,,tháng 7 năm ngoái,,
tình hình tiền học của quý 2 ntn?,Action,REPORT_GENERAL,,Education,,,,,,quý 2,,
hqua chi giải trí hết bn?,Action,REPORT_GENERAL,,Entertainment,,,,,,hôm qua,,
tiền làm đẹp của tháng trước là bn?,Action,REPORT_GENERAL,,Beauty,,,,,,tháng trước,,
chi phí nhà ở tuần này Mimo,Action,REPORT_GENERAL,,Housing,,,,,,tuần này,,
report đầu tư từ đầu năm đến giờ,Action,REPORT_GENERAL,,Investment,,,,,,từ đầu năm đến giờ,,
thống kê tiền y tế của năm nay,Action,REPORT_GENERAL,,Health,,,,,,năm nay,,
mấy khoản khác trong tháng trước là bn Mimo?,Action,REPORT_GENERAL,,Others,,,,,,tháng trước,,
tiền đi chơi với bạn bè tuần trước,Action,REPORT_GENERAL,,Social,,,,,,tuần trước,,
check chi tiêu thiết yếu tháng này,Action,REPORT_GENERAL,,Essentials,,,,,,tháng này,,
tình hình ăn uống của tớ trong 7 ngày qua,Action,REPORT_GENERAL,,Food,,,,,,7 ngày qua,,
thống kê chi phí mua sắm cuối tháng này cho tui,Action,REPORT_GENERAL,,Shopping,,,,,,cuối tháng này,,
chi phí đi lại tháng 8 ntn?,Action,REPORT_GENERAL,,Transport,,,,,,tháng 8,,
tổng tiền học thêm trong năm học này,Action,REPORT_GENERAL,,Education,,,,,,năm học này,,
tinh hinh xai tien an uong tuan nay,Action,REPORT_GENERAL,,Food,,,,,,tuần này,,
chi tieu cho do an thang truoc la bao nhieu vay Mimo,Action,REPORT_GENERAL,,Food,,,,,,tháng trước,,
xem gium tui may ngay qua ton nhieu cho do an rui,Action,REPORT_GENERAL,,Food,,,,,,mấy ngày qua,,
bao nhieu tien an tu dau thang den gio,Action,REPORT_GENERAL,,Food,,,,,,từ đầu tháng đến giờ,,
báo cáo tổng kết chi phí ăn uống năm ngoái,Action,REPORT_GENERAL,,Food,,,,,,năm ngoái,,
tui da chi bao nhieu cho di lai hom qua,Action,REPORT_GENERAL,,Transport,,,,,,hôm qua,,
thong ke chi phi di lai cua minh trong 7 ngay qua,Action,REPORT_GENERAL,,Transport,,,,,,7 ngày qua,,
chi phi xe co thang nay la bao nhieu,Action,REPORT_GENERAL,,Transport,,,,,,tháng này,,
report gium tui tien do xang quy nay,Action,REPORT_GENERAL,,Transport,,,,,,quý này,,
cho xem tong cong tien di lai tu dau nam den gio,Action,REPORT_GENERAL,,Transport,,,,,,từ đầu năm đến giờ,,
report chi tieu mua sam tuan truoc,Action,REPORT_GENERAL,,Shopping,,,,,,tuần trước,,
tinh hinh shopping hom nay,Action,REPORT_GENERAL,,Shopping,,,,,,hôm nay,,
thong ke tien mua sam trong 30 ngay gan day,Action,REPORT_GENERAL,,Shopping,,,,,,30 ngày gần đây,,
cho tui biet tien mua sam cua minh vao thang 12 nam ngoai,Action,REPORT_GENERAL,,Shopping,,,,,,tháng 12 năm ngoái,,
total chi cho mua sam nam nay la bao nhieu roi Mimo,Action,REPORT_GENERAL,,Shopping,,,,,,năm nay,,
tien giai tri cua tui tuan nay,Action,REPORT_GENERAL,,Entertainment,,,,,,tuần này,,
xem may ngay qua di choi ton bao nhieu,Action,REPORT_GENERAL,,Entertainment,,,,,,mấy ngày qua,,
chi phí giải trí tháng trước là bao nhiêu?,Action,REPORT_GENERAL,,Entertainment,,,,,,tháng trước,,
bao cao tien di choi tu 1/1 den 31/1,Action,REPORT_GENERAL,,Entertainment,,,,,,từ 1/1 đến 31/1,,
thong ke chi tieu giai tri nam ngoai cua tui,Action,REPORT_GENERAL,,Entertainment,,,,,,năm ngoái,,
tinh hinh chi cho hoc hanh thang nay,Action,REPORT_GENERAL,,Education,,,,,,tháng này,,
hom qua ton bao nhieu tien hoc phi,Action,REPORT_GENERAL,,Education,,,,,,hôm qua,,
thong ke chi phi giao duc quy truoc,Action,REPORT_GENERAL,,Education,,,,,,quý trước,,
tien hoc tu dau nam den gio la nhieu,Action,REPORT_GENERAL,,Education,,,,,,từ đầu năm đến giờ,,
bao cao tong chi phi hoc tap cua Mimo trong 6 thang qua,Action,REPORT_GENERAL,,Education,,,,,,6 tháng qua,,
chi phi lam dep tuan nay,Action,REPORT_GENERAL,,Beauty,,,,,,tuần này,,
tong tien my pham thang truoc,Action,REPORT_GENERAL,,Beauty,,,,,,tháng trước,,
bao nhieu tien cham soc suc khoe nam nay,Action,REPORT_GENERAL,,Health,,,,,,năm nay,,
thong ke tien thuoc men trong 3 thang gan nhat,Action,REPORT_GENERAL,,Health,,,,,,3 tháng gần nhất,,
report chi phi kham benh cua tui hom qua,Action,REPORT_GENERAL,,Health,,,,,,hôm qua,,
tien nha thang nay het bao nhieu,Action,REPORT_GENERAL,,Housing,,,,,,tháng này,,
thong ke tien thue tro cua minh tu dau nam,Action,REPORT_GENERAL,,Housing,,,,,,từ đầu năm,,
report chi phi hen ho tuan nay,Action,REPORT_GENERAL,,Social,,,,,,tuần này,,
chi phi giao luu ban be thang truoc,Action,REPORT_GENERAL,,Social,,,,,,tháng trước,,
tong chi cho cac moi quan he xa hoi nam ngoai,Action,REPORT_GENERAL,,Social,,,,,,năm ngoái,,
tinh hinh tien dau tu quy nay,Action,REPORT_GENERAL,,Investment,,,,,,quý này,,
report cho tui chi phi tien ich thiet yeu thang nay,Action,REPORT_GENERAL,,Essentials,,,,,,tháng này,,
cho xem tien phat sinh thang truoc,Action,REPORT_GENERAL,,Others,,,,,,tháng trước,,
thong ke chi phi linh tinh cua tui trong nua dau nam,Action,REPORT_GENERAL,,Others,,,,,,nửa đầu năm,,
hom nay tien dau tu cua tui sao roi,Action,REPORT_GENERAL,,Investment,,,,,,hôm nay,,
Tổng chi tiêu cho Food của tui tháng này là bao nhiêu?,Action,REPORT_GENERAL,,Food,,,,,,tháng này,,
Cho tui xem report về Housing trong quý 1 đi,Action,REPORT_GENERAL,,Housing,,,,,,quý 1,,
Thống kê chi phí đi lại hôm qua như nào?,Action,REPORT_GENERAL,,Transport,,,,,,hôm qua,,
Chi tiêu cho Shopping tuần trước là bao nhiu vậy Mimo?,Action,REPORT_GENERAL,,Shopping,,,,,,tuần trước,,
Tui đã đốt bao nhiêu tiền cho Entertainment trong tháng vừa rồi?,Action,REPORT_GENERAL,,Entertainment,,,,,,tháng vừa rồi,,
Kiểm tra chi phí Education từ đầu năm đến giờ coi,Action,REPORT_GENERAL,,Education,,,,,,từ đầu năm đến giờ,,
Báo cáo chi tiêu cho Beauty 3 ngày gần đây giùm tui,Action,REPORT_GENERAL,,Beauty,,,,,,3 ngày gần đây,,
Show tui tổng chi cho Health mấy tháng trước,Action,REPORT_GENERAL,,Health,,,,,,mấy tháng trước,,
Tiền đầu tư Investment của tui năm nay đã dùng hết bao nhiêu rồi?,Action,REPORT_GENERAL,,Investment,,,,,,năm nay,,
Mấy cái linh tinh Others tháng trước là bao nhiêu?,Action,REPORT_GENERAL,,Others,,,,,,tháng trước,,
Cho xem tổng chi tiêu cho Essentials tuần này,Action,REPORT_GENERAL,,Essentials,,,,,,tuần này,,
Social trong tháng này đã hết bn tiền rùi?,Action,REPORT_GENERAL,,Social,,,,,,tháng này,,
Tkê chi phí ăn uống tuần rồi đi,Action,REPORT_GENERAL,,Food,,,,,,tuần rồi,,
Báo cáo chi phí nhà ở năm ngoái cho tui,Action,REPORT_GENERAL,,Housing,,,,,,năm ngoái,,
Tình hình chi tiêu đi lại trong quý này ntn?,Action,REPORT_GENERAL,,Transport,,,,,,quý này,,
Cho tui biết đã chi bn cho Shopping trong 2 tuần qua,Action,REPORT_GENERAL,,Shopping,,,,,,2 tuần qua,,
Giải trí hôm nay tốn bn tiền?,Action,REPORT_GENERAL,,Entertainment,,,,,,hôm nay,,
Check chi phí học tập tháng 1 cho tui,Action,REPORT_GENERAL,,Education,,,,,,tháng 1,,
Chi cho làm đẹp tháng này là bao nhiêu Mimo ơi?,Action,REPORT_GENERAL,,Beauty,,,,,,tháng này,,
Tổng chi phí sức khỏe của tui năm trước,Action,REPORT_GENERAL,,Health,,,,,,năm trước,,
Đầu tư quý này chi bnhiu rồi?,Action,REPORT_GENERAL,,Investment,,,,,,quý này,,
Mấy khoản linh tinh trong 7 ngày gần nhất là bao nhiêu?,Action,REPORT_GENERAL,,Others,,,,,,7 ngày gần nhất,,
Chi phí thiết yếu trong 3 tháng qua là bn?,Action,REPORT_GENERAL,,Essentials,,,,,,3 tháng qua,,
Chi phí giao lưu bạn bè tuần này ntn rùi?,Action,REPORT_GENERAL,,Social,,,,,,tuần này,,
Xem chi tiêu Food trong khoảng từ 1/1 đến 31/3,Action,REPORT_GENERAL,,Food,,,,,,từ 1/1 đến 31/3,,
Báo cáo chi phí Housing năm nay cho tui,Action,REPORT_GENERAL,,Housing,,,,,,năm nay,,
Thống kê chi phí đi lại của tui trong năm 2023,Action,REPORT_GENERAL,,Transport,,,,,,năm 2023,,
Shopping cả năm ngoái hết bao nhiêu tiền vậy,Action,REPORT_GENERAL,,Shopping,,,,,,cả năm ngoái,,
Tui đã chi bao nhiêu cho giải trí từ đầu tháng?,Action,REPORT_GENERAL,,Entertainment,,,,,,từ đầu tháng,,
Tổng Education tháng 10 năm trước là bn?,Action,REPORT_GENERAL,,Education,,,,,,tháng 10 năm trước,,
Chi cho Beauty trong 4 tháng gần đây ntn?,Action,REPORT_GENERAL,,Beauty,,,,,,4 tháng gần đây,,
Health của tui trong 6 tháng vừa qua,Action,REPORT_GENERAL,,Health,,,,,,6 tháng vừa qua,,
Cho tui xem báo cáo Investment trong năm tài chính này,Action,REPORT_GENERAL,,Investment,,,,,,năm tài chính này,,
Mấy cái linh tinh năm nay là bao nhiêu?,Action,REPORT_GENERAL,,Others,,,,,,năm nay,,
Chi tiêu cho Essentials trong 2 ngày qua,Action,REPORT_GENERAL,,Essentials,,,,,,2 ngày qua,,
Chi phí Social tuần vừa rồi,Action,REPORT_GENERAL,,Social,,,,,,tuần vừa rồi,,
Report chi tiêu Food trong tháng 12,Action,REPORT_GENERAL,,Food,,,,,,tháng 12,,
Mimo cho tui biết chi phí Housing tháng trước nha,Action,REPORT_GENERAL,,Housing,,,,,,tháng trước,,
Tình hình chi tiêu đi lại trong tháng 5 vừa qua,Action,REPORT_GENERAL,,Transport,,,,,,tháng 5 vừa qua,,
Báo cáo Shopping trong quý trước giùm tui,Action,REPORT_GENERAL,,Shopping,,,,,,quý trước,,
Tổng kết chi tiêu cho Education năm ngoái,Action,REPORT_GENERAL,,Education,,,,,,năm ngoái,,
report chi tieu an uong thang nay cho tui di,Action,REPORT_GENERAL,,Food,,,,,,tháng này,,
thống kê chi tiêu giải trí tuần trước xem nào,Action,REPORT_GENERAL,,Entertainment,,,,,,tuần trước,,
Cho tui xem tổng tiền mua sắm tháng 11 đi,Action,REPORT_GENERAL,,Shopping,,,,,,tháng 11,,
Chi phí đi lại năm ngoái của tui là bao nhiêu vại?,Action,REPORT_GENERAL,,Transport,,,,,,năm ngoái,,
Báo cáo chi tiêu làm đẹp quý 2 xem sao,Action,REPORT_GENERAL,,Beauty,,,,,,quý 2,,
Tiền học hành của tui từ đầu năm đến giờ là nhiêu?,Action,REPORT_GENERAL,,Education,,,,,,từ đầu năm,,
Thống kê chi tiêu nhà cửa 3 tháng qua,Action,REPORT_GENERAL,,Housing,,,,,,3 tháng qua,,
Tiền đầu tư của tui năm 2023 thế nào?,Action,REPORT_GENERAL,,Investment,,,,,,năm 2023,,
Xem tổng chi phí sức khỏe tháng trước đi,Action,REPORT_GENERAL,,Health,,,,,,tháng trước,,
Tổng chi tiêu thiết yếu tháng này là bao nhiêu?,Action,REPORT_GENERAL,,Essentials,,,,,,tháng này,,
Chi tiêu xã hội quý này của tui ra sao?,Action,REPORT_GENERAL,,Social,,,,,,quý này,,
Các khoản chi khác trong 6 tháng qua của tui?,Action,REPORT_GENERAL,,Others,,,,,,6 tháng qua,,
Thống kê chi phí ăn uống tuần này,Action,REPORT_GENERAL,,Food,,,,,,tuần này,,
Báo cáo tiền giải trí hôm qua,Action,REPORT_GENERAL,,Entertainment,,,,,,hôm qua,,
Xem chi phí mua sắm năm nay của tui đi,Action,REPORT_GENERAL,,Shopping,,,,,,năm nay,,
Tổng chi phí đi lại nửa đầu năm là nhiêu?,Action,REPORT_GENERAL,,Transport,,,,,,nửa đầu năm,,
Chi tiền làm đẹp trong 3 ngày gần nhất,Action,REPORT_GENERAL,,Beauty,,,,,,3 ngày gần nhất,,
Bao nhiêu tiền học hành tháng này vậy?,Action,REPORT_GENERAL,,Education,,,,,,tháng này,,
Thống kê chi phí nhà cửa trong tháng 10,Action,REPORT_GENERAL,,Housing,,,,,,tháng 10,,
Xem các khoản đầu tư của tui tháng trước,Action,REPORT_GENERAL,,Investment,,,,,,tháng trước,,
Chi phí sức khỏe năm nay của tui,Action,REPORT_GENERAL,,Health,,,,,,năm nay,,
Báo cáo chi tiêu thiết yếu tuần trước,Action,REPORT_GENERAL,,Essentials,,,,,,tuần trước,,
Tiền giao lưu bạn bè tháng này là bao nhiêu?,Action,REPORT_GENERAL,,Social,,,,,,tháng này,,
Chi phí khác hôm nay,Action,REPORT_GENERAL,,Others,,,,,,hôm nay,,
Cho tui xem tổng chi ăn uống tháng 12 nha,Action,REPORT_GENERAL,,Food,,,,,,tháng 12,,
Báo cáo giải trí 2 tháng qua,Action,REPORT_GENERAL,,Entertainment,,,,,,2 tháng qua,,
Thống kê mua sắm từ đầu năm đến giờ,Action,REPORT_GENERAL,,Shopping,,,,,,từ đầu năm,,
Chi phí đi lại năm 2022 của tui,Action,REPORT_GENERAL,,Transport,,,,,,năm 2022,,
Xem tổng chi làm đẹp quý 1,Action,REPORT_GENERAL,,Beauty,,,,,,quý 1,,
Tiền học hành tháng trước là nhiêu?,Action,REPORT_GENERAL,,Education,,,,,,tháng trước,,
Báo cáo chi phí nhà cửa 7 ngày gần nhất,Action,REPORT_GENERAL,,Housing,,,,,,7 ngày gần nhất,,
Xem tiền đầu tư hôm qua,Action,REPORT_GENERAL,,Investment,,,,,,hôm qua,,
Tổng chi phí sức khỏe tuần này,Action,REPORT_GENERAL,,Health,,,,,,tuần này,,
Tiền thiết yếu năm ngoái là bao nhiêu?,Action,REPORT_GENERAL,,Essentials,,,,,,năm ngoái,,
Báo cáo chi tiêu xã hội nửa cuối năm,Action,REPORT_GENERAL,,Social,,,,,,nửa cuối năm,,
Các khoản chi khác trong tháng này,Action,REPORT_GENERAL,,Others,,,,,,tháng này,,
Chi phí ăn uống tháng sau là bao nhiêu,Action,REPORT_GENERAL,,Food,,,,,,tháng sau,,
Tổng giải trí năm nay của tui,Action,REPORT_GENERAL,,Entertainment,,,,,,năm nay,,
Thống kê mua sắm quý 3 đi,Action,REPORT_GENERAL,,Shopping,,,,,,quý 3,,
Báo cáo chi phí đi lại tháng 8,Action,REPORT_GENERAL,,Transport,,,,,,tháng 8,,
cho xin báo cáo chi tiêu giải trí tháng nì,Action,REPORT_GENERAL,,Entertainment,,,,,,tháng này,,
report chi phí ăn uống tuần rùi coi,Action,REPORT_GENERAL,,Food,,,,,,tuần rồi,,
xem tổng cộng tiền sắm đồ năm ngoái á,Action,REPORT_GENERAL,,Shopping,,,,,,năm ngoái,,
thống kê tiền học hành từ đầu năm đến giờ coi sếp,Action,REPORT_GENERAL,,Education,,,,,,từ đầu năm đến giờ,,
chi tiêu di chuyển quý này kiu gì rồi?,Action,REPORT_GENERAL,,Transport,,,,,,quý này,,
tình hình nhà cửa tháng trước ra sao,Action,REPORT_GENERAL,,Housing,,,,,,tháng trước,,
tổng cộng tiền làm đẹp trong 3 tháng qua là bao nhiêu,Action,REPORT_GENERAL,,Beauty,,,,,,3 tháng qua,,
thống kê chi phí sức khỏe năm 2022 ntn,Action,REPORT_GENERAL,,Health,,,,,,năm 2022,,
report mấy khoản linh tinh hôm qua lun,Action,REPORT_GENERAL,,Others,,,,,,hôm qua,,
xem chi phí giao lưu tháng 11 đi,Action,REPORT_GENERAL,,Social,,,,,,tháng 11,,
cho tui biết tiền thiết yếu tuần trước đi ạ,Action,REPORT_GENERAL,,Essentials,,,,,,tuần trước,,
báo cáo đầu tư trong 6 tháng gần đây nha,Action,REPORT_GENERAL,,Investment,,,,,,6 tháng gần đây,,
tình hình chi tiêu ăn uống hôm nay ntn,Action,REPORT_GENERAL,,Food,,,,,,hôm nay,,
thống kê chi phí mua sắm tháng nì được không,Action,REPORT_GENERAL,,Shopping,,,,,,tháng này,,
report tiền học năm nay đi senpai,Action,REPORT_GENERAL,,Education,,,,,,năm nay,,
xem chi phí đi lại tuần này nè,Action,REPORT_GENERAL,,Transport,,,,,,tuần này,,
chi tiêu nhà cửa tháng này rứa nào,Action,REPORT_GENERAL,,Housing,,,,,,tháng này,,
tiền làm đẹp tháng trước có đáng sợ không,Action,REPORT_GENERAL,,Beauty,,,,,,tháng trước,,
kiểm tra chi phí y tế quý 1 dùm cái,Action,REPORT_GENERAL,,Health,,,,,,quý 1,,
thống kê các khoản khác trong 1 tháng vừa rồi đi nè,Action,REPORT_GENERAL,,Others,,,,,,1 tháng vừa rồi,,
xem tiền đi chơi với bạn bè tuần này ntn,Action,REPORT_GENERAL,,Social,,,,,,tuần này,,
cho tui coi chi phí sinh hoạt thiết yếu từ đầu tháng nha,Action,REPORT_GENERAL,,Essentials,,,,,,từ đầu tháng,,
báo cáo đầu tư tháng 12 năm 2023 nha app,Action,REPORT_GENERAL,,Investment,,,,,,tháng 12 năm 2023,,
tổng hợp chi tiêu giải trí tuần này dzùm,Action,REPORT_GENERAL,,Entertainment,,,,,,tuần này,,
cho xem chi phí ăn uống 7 ngày gần nhất đi ạ,Action,REPORT_GENERAL,,Food,,,,,,7 ngày gần nhất,,
report tiền mua sắm tháng 9 cái coi,Action,REPORT_GENERAL,,Shopping,,,,,,tháng 9,,
kiểm tra chi phí giáo dục năm 2023 nà,Action,REPORT_GENERAL,,Education,,,,,,năm 2023,,
báo cáo chi tiêu đi lại từ đầu quý nhé,Action,REPORT_GENERAL,,Transport,,,,,,từ đầu quý,,
tình hình nhà ở hôm qua như nào rồi,Action,REPORT_GENERAL,,Housing,,,,,,hôm qua,,
thống kê chi phí làm đẹp trong tháng này đi,Action,REPORT_GENERAL,,Beauty,,,,,,tháng này,,
chi phí sức khỏe 2 tuần qua coi,Action,REPORT_GENERAL,,Health,,,,,,2 tuần qua,,
report các khoản linh tinh tháng 8 dùm,Action,REPORT_GENERAL,,Others,,,,,,tháng 8,,
xem tiền giao lưu hôm qua đi app,Action,REPORT_GENERAL,,Social,,,,,,hôm qua,,
báo cáo chi tiêu thiết yếu tháng này coi sao,Action,REPORT_GENERAL,,Essentials,,,,,,tháng này,,
thống kê đầu tư trong năm nay cái,Action,REPORT_GENERAL,,Investment,,,,,,năm nay,,
cho xem tiền giải trí hôm nay nè,Action,REPORT_GENERAL,,Entertainment,,,,,,hôm nay,,
tổng chi phí food tuần này coi thử,Action,REPORT_GENERAL,,Food,,,,,,tuần này,,
report tiền shopping tháng này đi,Action,REPORT_GENERAL,,Shopping,,,,,,tháng này,,
chi phí học hành tháng 7 như thế nào,Action,REPORT_GENERAL,,Education,,,,,,tháng 7,,
tình hình tiền xe cộ tuần trước coi thử coi,Action,REPORT_GENERAL,,Transport,,,,,,tuần trước,,
Cho mình xem chi tiêu ăn uống hôm nay.,Action,REPORT_GENERAL,,Food,,,,,,hôm nay,,
Báo cáo shopping tuần này đi Mimo.,Action,REPORT_GENERAL,,Shopping,,,,,,tuần này,,
Tình hình đi lại tháng trước như nào?,Action,REPORT_GENERAL,,Transport,,,,,,tháng trước,,
Tổng tiền giải trí trong 7 ngày qua là bao nhiêu?,Action,REPORT_GENERAL,,Entertainment,,,,,,7 ngày qua,,
Check xem mình đã tiêu bn cho học hành quý này rùi.,Action,REPORT_GENERAL,,Education,,,,,,quý này,,
Beauty của tớ tháng này hết bao nhiêu?,Action,REPORT_GENERAL,,Beauty,,,,,,tháng này,,
Sức khoẻ hôm qua tiêu gì không?,Action,REPORT_GENERAL,,Health,,,,,,hôm qua,,
Tiền nhà tháng trước là bao nhiêu?,Action,REPORT_GENERAL,,Housing,,,,,,tháng trước,,
Tổng chi cho mối quan hệ xã hội tuần trước nha.,Action,REPORT_GENERAL,,Social,,,,,,tuần trước,,
Xem chi tiêu thiết yếu 30 ngày qua.,Action,REPORT_GENERAL,,Essentials,,,,,,30 ngày qua,,
Báo cáo đầu tư năm ngoái của tui đi.,Action,REPORT_GENERAL,,Investment,,,,,,năm ngoái,,
Chi phí linh tinh tháng này hết bao nhiêu?,Action,REPORT_GENERAL,,Others,,,,,,tháng này,,
Mimo cho mình xem chi tiêu ăn uống tuần trước nhé.,Action,REPORT_GENERAL,,Food,,,,,,tuần trước,,
Xem shopping hôm qua của tớ.,Action,REPORT_GENERAL,,Shopping,,,,,,hôm qua,,
Chi phí đi lại hôm nay bao nhiêu?,Action,REPORT_GENERAL,,Transport,,,,,,hôm nay,,
Giải trí tháng trước mình chi bao nhiêu?,Action,REPORT_GENERAL,,Entertainment,,,,,,tháng trước,,
Học hành quý trước tốn bn tiền?,Action,REPORT_GENERAL,,Education,,,,,,quý trước,,
Tổng chi phí làm đẹp năm nay tới giờ.,Action,REPORT_GENERAL,,Beauty,,,,,,năm nay,,
Sức khoẻ tuần này tiêu gì chưa?,Action,REPORT_GENERAL,,Health,,,,,,tuần này,,
Tiền nhà năm ngoái là bao nhiêu vậy?,Action,REPORT_GENERAL,,Housing,,,,,,năm ngoái,,
Mối quan hệ xã hội tháng này tiêu gì?,Action,REPORT_GENERAL,,Social,,,,,,tháng này,,
Thiết yếu hôm qua hết bao nhiêu?,Action,REPORT_GENERAL,,Essentials,,,,,,hôm qua,,
Đầu tư 7 ngày qua có gì không?,Action,REPORT_GENERAL,,Investment,,,,,,7 ngày qua,,
Những khoản linh tinh tuần này của tui.,Action,REPORT_GENERAL,,Others,,,,,,tuần này,,
Ăn uống nửa đầu năm nay hết bn?,Action,REPORT_GENERAL,,Food,,,,,,nửa đầu năm nay,,
Shopping đầu tháng này hết bn tiền rồi?,Action,REPORT_GENERAL,,Shopping,,,,,,đầu tháng này,,
Đi lại cuối tuần vừa rồi tốn kém không?,Action,REPORT_GENERAL,,Transport,,,,,,cuối tuần vừa rồi,,
Giải trí hôm qua có gì đặc biệt không?,Action,REPORT_GENERAL,,Entertainment,,,,,,hôm qua,,
Học hành nửa cuối tháng trước hết bn?,Action,REPORT_GENERAL,,Education,,,,,,nửa cuối tháng trước,,
Làm đẹp đầu tuần này đã tiêu gì?,Action,REPORT_GENERAL,,Beauty,,,,,,đầu tuần này,,
Sức khoẻ tháng trước có phát sinh gì?,Action,REPORT_GENERAL,,Health,,,,,,tháng trước,,
Tiền nhà quý này như thế nào?,Action,REPORT_GENERAL,,Housing,,,,,,quý này,,
Xã giao hôm nay tiêu gì?,Action,REPORT_GENERAL,,Social,,,,,,hôm nay,,
Thiết yếu tuần trước hết bao nhiêu?,Action,REPORT_GENERAL,,Essentials,,,,,,tuần trước,,
Đầu tư tháng này có gì hot?,Action,REPORT_GENERAL,,Investment,,,,,,tháng này,,
Chi khác năm nay hết bn?,Action,REPORT_GENERAL,,Others,,,,,,năm nay,,
Cho tôi thống kê chi phí ăn uống 30 ngày qua.,Action,REPORT_GENERAL,,Food,,,,,,30 ngày qua,,
"Mimo, tổng chi tiêu mua sắm của tôi hôm nay?",Action,REPORT_GENERAL,,Shopping,,,,,,hôm nay,,
Xem tổng tiền đi lại của tớ tuần này.,Action,REPORT_GENERAL,,Transport,,,,,,tuần này,,
Báo cáo các khoản giải trí trong tháng này.,Action,REPORT_GENERAL,,Entertainment,,,,,,tháng này,,
