text,intent,sentiment
Ai tạo ra bạn thế,Chitchat,Neutral
Ai tạo ra bạn thế bot,Chitchat,Neutral
Ai tạo ra bạn thế bạn,Chitchat,Neutral
Ai tạo ra bạn thế mình,Chitchat,Neutral
Ai tạo ra bạn thế tui,Chitchat,Neutral
App chạy ổn không,Chitchat,Neutral
Ban hay qua troi,Chitchat,Positive
Biết rồi để đó đi,Chitchat,Neutral
Bot dễ thương ghê,Chitchat,Positive
Bot dễ thương ghê luôn,Chitchat,Positive
Bot dễ thương ghê nha,Chitchat,Positive
Bot xịn quá xịn,Chitchat,Positive
"Bot ơi, bạn làm được gì",Chitchat,Neutral
"Bot ơi, bạn làm được gì bot",Chitchat,Neutral
"Bot ơi, bạn làm được gì bạn",Chitchat,Neutral
"Bot ơi, bạn làm được gì mình",Chitchat,Neutral
"Bot ơi, bạn làm được gì tui",Chitchat,Neutral
"Bot ơi, giới thiệu bạn chút đi",Chitchat,Neutral
Buon khong ta noi,Chitchat,Negative
Buon lam khong biet lam sao,Chitchat,Negative
Buon qua khoc luon,Chitchat,Negative
Buon qua muon tam su,Chitchat,Negative
Buon vi khong ai hieu,Chitchat,Negative
Buon vi met,Chitchat,Negative
Buồn ngủ mà deadline dí sát cổ,Chitchat,Negative
"Bye bye, hẹn gặp lại",Chitchat,Positive
Bye nha,Chitchat,Positive
Bái bai nha,Chitchat,Positive
Bái bai nha luôn,Chitchat,Positive
Bái bai nha nha,Chitchat,Positive
"Bái bai, đi đây nè",Chitchat,Positive
"Bái bai, đi đây nè #267",Chitchat,Positive
"Bái bai, đi đây nè #292",Chitchat,Positive
Bạn có biết hát không,Chitchat,Neutral
Bạn có biết kể chuyện cười không,Chitchat,Neutral
Bạn có biết kể chuyện cười không #270,Chitchat,Neutral
Bạn có biết kể chuyện cười không #295,Chitchat,Neutral
Bạn có biết kể chuyện không,Chitchat,Neutral
Bạn có biết làm thơ không,Chitchat,Neutral
Bạn có biết đùa không,Chitchat,Neutral
Bạn có giúp được gì không,Chitchat,Neutral
Bạn có hiểu tiếng Việt không,Chitchat,Neutral
Bạn có khỏe không,Chitchat,Neutral
Bạn có mệt không,Chitchat,Neutral
Bạn có người yêu chưa,Chitchat,Neutral
Bạn có người yêu chưa bot,Chitchat,Neutral
Bạn có người yêu chưa bạn,Chitchat,Neutral
Bạn có người yêu chưa mình,Chitchat,Neutral
Bạn có người yêu chưa tui,Chitchat,Neutral
Bạn có nhớ tui không,Chitchat,Neutral
Bạn có online không,Chitchat,Neutral
Bạn có online không #281,Chitchat,Neutral
Bạn có phải AI không,Chitchat,Neutral
Bạn có phải AI không bot,Chitchat,Neutral
Bạn có phải AI không bạn,Chitchat,Neutral
Bạn có phải AI không mình,Chitchat,Neutral
Bạn có phải AI không tui,Chitchat,Neutral
Bạn có rảnh không,Chitchat,Neutral
Bạn có thông minh không,Chitchat,Neutral
Bạn có thể tư vấn giúp mình không,Chitchat,Negative
Bạn có đang nghe tui không,Chitchat,Neutral
Bạn hoạt động thế nào,Chitchat,Neutral
Bạn học từ đâu vậy,Chitchat,Neutral
Bạn khỏe không,Chitchat,Positive
Bạn là ai vậy,Chitchat,Neutral
Bạn là ai vậy bot,Chitchat,Neutral
Bạn là ai vậy bạn,Chitchat,Neutral
Bạn là ai vậy mình,Chitchat,Neutral
Bạn là ai vậy tui,Chitchat,Neutral
Bạn là bot hay người thật,Chitchat,Neutral
Bạn là bot hay người thật vậy,Chitchat,Neutral
Bạn nói chuyện kiểu gì mà hay ghê,Chitchat,Neutral
Bạn nói chuyện vui ghê á,Chitchat,Positive
Bạn nói chuyện vui ghê á #263,Chitchat,Positive
Bạn nói chuyện vui ghê á #288,Chitchat,Positive
Bạn rảnh không,Chitchat,Negative
Bạn thấy thời tiết hôm nay sao,Chitchat,Negative
Bạn trả lời hay quá mình muốn share cho bạn bè,Chitchat,Positive
Bạn trả lời kiểu gì vậy,Chitchat,Neutral
Bạn tên gì vậy,Chitchat,Neutral
Bị trừ lương oan mình tức muốn khóc,Chitchat,Negative
Bữa nay khỏe hong,Chitchat,Neutral
Bữa nay nóng ghê,Chitchat,Neutral
Cam on ban da giup,Chitchat,Positive
Cam on ban nhieu lam,Chitchat,Positive
Cam on rat nhieu nha,Chitchat,Positive
Cam on tam long ban,Chitchat,Positive
Cam on vi da lang nghe,Chitchat,Positive
Chan app roi that,Chitchat,Negative
Chan doi lam roi,Chitchat,Negative
Chan doi qua roi,Chitchat,Negative
Chan het roi that,Chitchat,Negative
Chan het suc roi,Chitchat,Negative
Chan qua roi di,Chitchat,Negative
Chao ban,Chitchat,Negative
Chao ban a,Chitchat,Positive
Chao ban ban,Chitchat,Negative
Chao ban bot,Chitchat,Neutral
Chao ban chut xiu,Chitchat,Negative
Chao ban di,Chitchat,Neutral
Chao ban ha,Chitchat,Positive
Chao ban hen,Chitchat,Neutral
Chao ban may,Chitchat,Positive
Chao ban may ban,Chitchat,Positive
Chao ban may bot,Chitchat,Positive
Chao ban may di,Chitchat,Positive
Chao ban may ha,Chitchat,Positive
Chao ban may nha,Chitchat,Positive
Chao ban may oi,Chitchat,Positive
Chao ban may thoi,Chitchat,Positive
Chao ban may vay,Chitchat,Positive
Chao ban minh di day,Chitchat,Neutral
Chao ban nha,Chitchat,Neutral
Chao ban nhe,Chitchat,Positive
Chao ban oi,Chitchat,Negative
Chao ban thoi,Chitchat,Neutral
Chao ban thoi nha,Chitchat,Neutral
Chao ban thui,Chitchat,Neutral
Chao ban vay,Chitchat,Neutral
Chill chút nha,Chitchat,Positive
Chill đi bạn ơi,Chitchat,Positive
Chill đi bạn ơi #279,Chitchat,Positive
Cho mình hỏi tí thôi nhé,Chitchat,Neutral
Cho mình xin lời khuyên,Chitchat,Negative
Chuc ban ngay tot lanh,Chitchat,Positive
Chuc mung ban nhe,Chitchat,Positive
Chào,Chitchat,Negative
Chào a,Chitchat,Neutral
Chào ban,Chitchat,Neutral
Chào bot,Chitchat,Neutral
Chào bot bot,Chitchat,Neutral
Chào bot bạn,Chitchat,Neutral
Chào bot mình,Chitchat,Neutral
Chào bot tui,Chitchat,Neutral
Chào buổi sáng nha,Chitchat,Neutral
Chào buổi sáng nha bot,Chitchat,Neutral
Chào buổi sáng nha bạn,Chitchat,Neutral
Chào buổi sáng nha mình,Chitchat,Neutral
Chào buổi sáng nha tui,Chitchat,Neutral
Chào buổi trưa nha,Chitchat,Neutral
Chào buổi tối nha,Chitchat,Neutral
Chào bạn,Chitchat,Neutral
Chào bạn bot,Chitchat,Neutral
Chào bạn bạn,Chitchat,Neutral
Chào bạn mình,Chitchat,Neutral
"Chào bạn nha, ghé chào chút",Chitchat,Neutral
"Chào bạn nha, ghé chào chút #261",Chitchat,Neutral
"Chào bạn nha, ghé chào chút #286",Chitchat,Neutral
Chào bạn tui,Chitchat,Neutral
Chào chut xiu,Chitchat,Neutral
Chào cái coi,Chitchat,Neutral
Chào cả nhà,Chitchat,Neutral
Chào di,Chitchat,Neutral
Chào ha,Chitchat,Neutral
Chào hen,Chitchat,Neutral
Chào may,Chitchat,Positive
Chào minh di day,Chitchat,Neutral
Chào mn,Chitchat,Neutral
Chào nha,Chitchat,Neutral
Chào nhe,Chitchat,Negative
Chào oi,Chitchat,Neutral
Chào thoi,Chitchat,Neutral
Chào thoi nha,Chitchat,Neutral
Chào thui,Chitchat,Neutral
Chào vay,Chitchat,Neutral
Chán nhẹ luôn,Chitchat,Negative
Chúc bạn hôm nay bảnh hơn hôm qua,Chitchat,Positive
Chúc bạn hôm nay bảnh hơn hôm qua #274,Chitchat,Positive
Chúc bạn hôm nay bảnh hơn hôm qua #299,Chitchat,Positive
Chúc bạn một ngày vui vẻ,Chitchat,Positive
Chúc bạn ngày mới vui vẻ,Chitchat,Negative
Chúc bạn ngủ ngon,Chitchat,Positive
Chúc cuối tuần ổn áp,Chitchat,Positive
Chúc ngủ ngon nha,Chitchat,Positive
Chúc team làm app ngày càng thành công nha,Chitchat,Positive
Chưa bắt nhịp kịp luôn,Chitchat,Negative
Chưa hiểu lắm,Chitchat,Neutral
Chỉ hỏi thăm chút thôi,Chitchat,Neutral
Chỉ tui cách làm với,Chitchat,Neutral
Cuối tuần làm gì đó,Chitchat,Neutral
Cám ơn nhiều,Chitchat,Positive
Câu này đỉnh quá,Chitchat,Positive
Câu trả lời rất ổn,Chitchat,Positive
Cãi nhau với sếp mệt nghỉ luôn,Chitchat,Negative
Có ai online không,Chitchat,Neutral
Có ai trả lời tui không,Chitchat,Neutral
Có ai ở đây không,Chitchat,Neutral
Có ai ở đây không bot,Chitchat,Neutral
Có ai ở đây không bạn,Chitchat,Neutral
Có ai ở đây không mình,Chitchat,Neutral
Có ai ở đây không tui,Chitchat,Neutral
Có chuyện gì vui không,Chitchat,Neutral
Có chút cộc nhẹ,Chitchat,Negative
Có gì mới không,Chitchat,Neutral
Có gì mới kể tui nghe với,Chitchat,Neutral
Có hỗ trợ tiếng Anh không,Chitchat,Neutral
Cũng vui phết đó,Chitchat,Positive
Cảm giác cô đơn quá đi mất,Chitchat,Negative
Cảm giác hôm nay bình thường,Chitchat,Negative
Cảm giác vui hơn hẳn,Chitchat,Positive
Cảm ơn bot nhiều nè,Chitchat,Positive
Cảm ơn bot nhiều nè #262,Chitchat,Positive
Cảm ơn bot nhiều nè #287,Chitchat,Positive
Cảm ơn bạn nhiều,Chitchat,Negative
Cảm ơn bạn nhiều lắm luôn,Chitchat,Positive
Cảm ơn bạn đã giúp mình,Chitchat,Positive
"Cảm ơn bạn, dễ thương ghê",Chitchat,Positive
Cảm ơn hén,Chitchat,Positive
Cảm ơn nha,Chitchat,Positive
Cảm ơn nha luôn,Chitchat,Positive
Cảm ơn nha nha,Chitchat,Positive
Cảm ơn nhiều nhiều luôn,Chitchat,Positive
Cảm ơn nhiều nhiều luôn luôn,Chitchat,Positive
Cảm ơn nhiều nhiều luôn nha,Chitchat,Positive
"Cảm ơn nhé, mình thấy tốt hơn",Chitchat,Positive
Cảm ơn vì đã lắng nghe,Chitchat,Negative
Cứu tui với,Chitchat,Neutral
Cực kỳ dễ thương,Chitchat,Positive
Dang buon lam,Chitchat,Negative
Dang rat met moi,Chitchat,Negative
Dang yeu qua di,Chitchat,Positive
Dạo này ổn không,Chitchat,Neutral
Dễ thương xỉu luôn,Chitchat,Positive
Dễ thương xỉu luôn #277,Chitchat,Positive
Gap ban la vui roi,Chitchat,Positive
Giao diện nhìn ổn áp,Chitchat,Neutral
Giờ mấy giờ rồi nhỉ,Chitchat,Neutral
Haha cuoi met,Chitchat,Positive
Hay quá trời,Chitchat,Positive
Hay that su luon,Chitchat,Positive
Hello,Chitchat,Negative
Hello a,Chitchat,Negative
Hello ban,Chitchat,Neutral
Hello bot,Chitchat,Neutral
"Hello bot, nghe nè",Chitchat,Neutral
Hello chut xiu,Chitchat,Neutral
Hello di,Chitchat,Neutral
Hello ha,Chitchat,Positive
Hello hello,Chitchat,Neutral
Hello hello #271,Chitchat,Neutral
Hello hello #296,Chitchat,Neutral
Hello hen,Chitchat,Neutral
Hello may,Chitchat,Positive
Hello minh di day,Chitchat,Neutral
Hello nha,Chitchat,Positive
Hello nhe,Chitchat,Negative
Hello oi,Chitchat,Negative
Hello thoi,Chitchat,Neutral
Hello thoi nha,Chitchat,Positive
Hello thui,Chitchat,Negative
Hello vay,Chitchat,Neutral
Hi a,Chitchat,Negative
Hi ban,Chitchat,Neutral
Hi bot,Chitchat,Neutral
Hi bot bot,Chitchat,Neutral
Hi bot bạn,Chitchat,Neutral
Hi bot mình,Chitchat,Neutral
Hi bot tui,Chitchat,Neutral
Hi bạn ơi,Chitchat,Neutral
Hi chut xiu,Chitchat,Neutral
Hi di,Chitchat,Negative
Hi ha,Chitchat,Positive
Hi hen,Chitchat,Neutral
Hi hi,Chitchat,Positive
Hi hi #272,Chitchat,Positive
Hi hi #297,Chitchat,Positive
Hi may,Chitchat,Negative
Hi minh di day,Chitchat,Neutral
Hi nha,Chitchat,Negative
Hi nhe,Chitchat,Neutral
Hi oi,Chitchat,Positive
Hi thoi,Chitchat,Neutral
Hi thoi nha,Chitchat,Neutral
Hi thui,Chitchat,Positive
Hi vay,Chitchat,Negative
Hihi vui ghie,Chitchat,Positive
Hom nay buon qua di,Chitchat,Negative
Hom nay vui qua ha,Chitchat,Positive
"Hí hí, tui tới nè",Chitchat,Neutral
Hôm nay bình thường,Chitchat,Neutral
Hôm nay bạn thế nào,Chitchat,Neutral
Hôm nay bạn vui không,Chitchat,Neutral
Hôm nay chán thật,Chitchat,Negative
Hôm nay là ngày tuyệt vời,Chitchat,Positive
Hôm nay là thứ mấy vậy bạn,Chitchat,Neutral
Hôm nay mood bạn sao rồi,Chitchat,Neutral
Hôm nay mood bạn sao rồi bot,Chitchat,Neutral
Hôm nay mood bạn sao rồi bạn,Chitchat,Neutral
Hôm nay mood bạn sao rồi mình,Chitchat,Neutral
Hôm nay mood bạn sao rồi tui,Chitchat,Neutral
Hôm nay mình buồn quá,Chitchat,Negative
Hôm nay mình vui quá,Chitchat,Positive
Hôm nay mệt bở hơi tai luôn,Chitchat,Negative
Hôm nay nắng hay mưa ta,Chitchat,Neutral
Hôm nay trúng mini game vui ghê,Chitchat,Positive
Hôm nay trời sao rồi ta,Chitchat,Neutral
Hôm nay trời đẹp không,Chitchat,Neutral
Hôm nay trời đẹp không bot,Chitchat,Neutral
Hôm nay trời đẹp không bạn,Chitchat,Neutral
Hôm nay trời đẹp không mình,Chitchat,Neutral
Hôm nay trời đẹp không tui,Chitchat,Neutral
Hôm nay trời ổn không bạn,Chitchat,Neutral
Hôm nay trời ổn không bạn #265,Chitchat,Neutral
Hôm nay trời ổn không bạn #290,Chitchat,Neutral
Hơi căng đó nha,Chitchat,Negative
Hơi cấn nha,Chitchat,Negative
Hơi cấn nha xíu,Chitchat,Negative
Hơi khó hiểu thật,Chitchat,Negative
Hơi lăn tăn chút,Chitchat,Negative
Hơi lăn tăn chút #278,Chitchat,Negative
Hơi mệt nhưng vẫn ổn,Chitchat,Negative
Hơi rối một tí,Chitchat,Neutral
Hẹn gặp lại sau,Chitchat,Positive
Hế lô,Chitchat,Neutral
Hế lô a,Chitchat,Neutral
Hế lô ban,Chitchat,Neutral
Hế lô bot,Chitchat,Neutral
Hế lô chut xiu,Chitchat,Positive
Hế lô di,Chitchat,Positive
Hế lô ha,Chitchat,Negative
Hế lô hen,Chitchat,Neutral
Hế lô may,Chitchat,Negative
Hế lô minh di day,Chitchat,Neutral
Hế lô nha,Chitchat,Neutral
Hế lô nhe,Chitchat,Neutral
Hế lô oi,Chitchat,Neutral
Hế lô thoi,Chitchat,Neutral
Hế lô thoi nha,Chitchat,Neutral
Hế lô thui,Chitchat,Positive
Hế lô vay,Chitchat,Neutral
Hỏi chơi chút thôi,Chitchat,Neutral
Hỏi chơi chút thôi #268,Chitchat,Neutral
Hỏi chơi chút thôi #293,Chitchat,Neutral
Không biết phải nói gì,Chitchat,Negative
Không có gì quan trọng đâu,Chitchat,Neutral
Không hiểu lắm,Chitchat,Negative
Không hiểu lắm #283,Chitchat,Negative
Không vào được,Chitchat,Neutral
Không vào được bot,Chitchat,Neutral
Không vào được bạn,Chitchat,Neutral
Không vào được mình,Chitchat,Neutral
Không vào được tui,Chitchat,Neutral
Không ổn chút nào,Chitchat,Negative
Lâu quá chưa tám,Chitchat,Neutral
Lú quá trời,Chitchat,Negative
Mai gặp lại nha,Chitchat,Positive
Mai gặp lại nha #276,Chitchat,Positive
Mai nói chuyện tiếp nha,Chitchat,Positive
Mai tính tiếp nha,Chitchat,Neutral
Met moi roi that su,Chitchat,Negative
Met moi vo cung,Chitchat,Negative
Met nguoi roi,Chitchat,Negative
Met qua khong noi nen loi,Chitchat,Negative
Met qua muon nghi roi,Chitchat,Negative
Met qua roi ngu thang,Chitchat,Negative
Met qua roi ve ngu,Chitchat,Negative
Met vi lam nhieu qua,Chitchat,Negative
"Mlem, nghe thích ghê",Chitchat,Positive
Màn hình bị đứng rồi,Chitchat,Neutral
Mê câu này ghê,Chitchat,Positive
Mình chỉ muốn nói chuyện chút thôi,Chitchat,Neutral
Mình chỉ đang lướt app cho đỡ buồn,Chitchat,Neutral
Mình có chuyện muốn hỏi,Chitchat,Neutral
Mình căng thẳng quá,Chitchat,Negative
Mình cần bạn giúp chút,Chitchat,Neutral
Mình cần tư vấn nhẹ,Chitchat,Neutral
Mình hơi chán không muốn làm gì cả,Chitchat,Negative
Mình lo lắng nhiều quá,Chitchat,Negative
Mình muốn hỏi chút,Chitchat,Positive
Mình muốn hỏi ý kiến,Chitchat,Neutral
Mình muốn tâm sự chút,Chitchat,Neutral
Mình mệt mỏi lắm,Chitchat,Negative
Mình mới uống cà phê xong tinh thần phơi phới,Chitchat,Positive
Mình rất hài lòng,Chitchat,Positive
Mình stress quá,Chitchat,Negative
Mình thất vọng quá,Chitchat,Negative
Mình thấy có động lực hơn,Chitchat,Positive
Mình thấy nhẹ nhõm rồi,Chitchat,Positive
Mình thấy nặng nề,Chitchat,Negative
Mình vui quá đi mất thôi,Chitchat,Positive
Mình đang băn khoăn,Chitchat,Neutral
Mình đang hơi mệt,Chitchat,Positive
Mình đang nghĩ linh tinh,Chitchat,Neutral
Mình đang rảnh,Chitchat,Neutral
Mình đi đây nha,Chitchat,Positive
Mạng hôm nay lag ghê,Chitchat,Neutral
Mọi thứ đang ổn lên,Chitchat,Positive
Nay bạn sao rồi,Chitchat,Neutral
Nghe hợp lý ghê,Chitchat,Positive
Nghe nhạc chill một mình cũng được,Chitchat,Neutral
Nghe vậy mà tui vẫn mơ hồ,Chitchat,Negative
Nghe vậy mình thấy yên tâm,Chitchat,Positive
Ngủ ngon nghen,Chitchat,Positive
"Ngủ sớm nha, mai tám tiếp",Chitchat,Positive
"Ngủ sớm nha, mai tám tiếp #266",Chitchat,Positive
"Ngủ sớm nha, mai tám tiếp #291",Chitchat,Positive
Nhắn lại giúp tui với,Chitchat,Neutral
Nhớ giữ sức khỏe đó,Chitchat,Neutral
Noi chuyen rat vui,Chitchat,Positive
Nè a,Chitchat,Neutral
Nè ban,Chitchat,Neutral
Nè bot,Chitchat,Neutral
Nè chut xiu,Chitchat,Neutral
Nè di,Chitchat,Neutral
Nè ha,Chitchat,Neutral
Nè hen,Chitchat,Negative
Nè may,Chitchat,Neutral
Nè minh di day,Chitchat,Neutral
Nè nha,Chitchat,Positive
Nè nhe,Chitchat,Neutral
"Nè nè, có ai ở đó không",Chitchat,Neutral
Nè oi,Chitchat,Negative
Nè thoi,Chitchat,Negative
Nè thoi nha,Chitchat,Positive
Nè thui,Chitchat,Neutral
Nè vay,Chitchat,Neutral
Nói chuyện cho đỡ chán,Chitchat,Neutral
Nói chuyện chơi chút đi,Chitchat,Neutral
Nói chuyện xíu nha,Chitchat,Neutral
Nút này bấm sao,Chitchat,Neutral
Năm mới chúc mọi người an khang thịnh vượng,Chitchat,Positive
Ok cảm ơn để mình xem lại,Chitchat,Neutral
"Okela, hiểu rồi",Chitchat,Positive
"Okela, hiểu rồi luôn",Chitchat,Positive
"Okela, hiểu rồi nha",Chitchat,Positive
"Okie, cảm ơn nha",Chitchat,Positive
Peace nha,Chitchat,Positive
Ping thử xem bot có online không,Chitchat,Neutral
Pó tay thật sự,Chitchat,Negative
Pó tay thật sự xíu,Chitchat,Negative
Qua tuyet voi luon,Chitchat,Positive
Random chat thôi đừng ghi chi tiêu giùm,Chitchat,Neutral
Rat biet on ban,Chitchat,Positive
Rat hai long ve ban,Chitchat,Positive
Rat vui khi chat,Chitchat,Positive
"Rảnh không, tám chút nha",Chitchat,Neutral
Rất cảm ơn bạn,Chitchat,Positive
Rất hợp vibe,Chitchat,Positive
Rối như tơ vò,Chitchat,Negative
Stress hoc tap qua,Chitchat,Negative
Stress qua di mat,Chitchat,Negative
Stress quá không biết làm sao,Chitchat,Negative
Sáng nay dậy chưa,Chitchat,Neutral
Sợ không đủ tiền cuối tháng quá,Chitchat,Negative
Tam su vui lam,Chitchat,Positive
Thanks ban that tot,Chitchat,Positive
Thanks bot rat tot,Chitchat,Positive
Thanks nhieu nha,Chitchat,Positive
That buon ve chuyen do,Chitchat,Negative
That buon ve cuoc doi,Chitchat,Negative
That su rat buon,Chitchat,Negative
That vong tram trong,Chitchat,Negative
That vong ve ket qua,Chitchat,Negative
That vong ve minh,Chitchat,Negative
Thich bot qua di,Chitchat,Positive
"Thx bot, xịn quá",Chitchat,Positive
"Thx bot, xịn quá luôn",Chitchat,Positive
"Thx bot, xịn quá nha",Chitchat,Positive
Thích app của bạn quá đi mất,Chitchat,Positive
Thông minh ghê á,Chitchat,Positive
Thương bot quá trời,Chitchat,Positive
Thương bot quá trời #284,Chitchat,Positive
Thất vọng ghê chuyện gì cũng hỏng,Chitchat,Negative
Thử lại đi,Chitchat,Neutral
Thử lại đi bot,Chitchat,Neutral
Thử lại đi bạn,Chitchat,Neutral
Thử lại đi mình,Chitchat,Neutral
Thử lại đi tui,Chitchat,Neutral
Toang nhẹ rồi,Chitchat,Negative
Toang nhẹ rồi xíu,Chitchat,Negative
Tot hon minh nghi,Chitchat,Positive
Tot qua troi oi,Chitchat,Positive
Trưa nay ăn gì chưa,Chitchat,Neutral
Trời ngoài kia sao rồi,Chitchat,Neutral
Tui bị kẹt chỗ này,Chitchat,Neutral
Tui bị đứng hình mất rồi,Chitchat,Negative
Tui chỉ ghé qua thôi,Chitchat,Neutral
Tui cười xỉu luôn,Chitchat,Positive
Tui ghé chào cái thôi,Chitchat,Neutral
Tui hơi bối rối xíu,Chitchat,Negative
Tui hơi bối rối xíu #269,Chitchat,Negative
Tui hơi bối rối xíu #294,Chitchat,Negative
Tui hơi lú xíu,Chitchat,Negative
Tui hơi lú xíu xíu,Chitchat,Negative
Tui hỏi vu vơ thôi nha,Chitchat,Neutral
Tui hỏi vu vơ thôi nha #280,Chitchat,Neutral
Tui hỏi vu vơ thôi nha bot,Chitchat,Neutral
Tui hỏi vu vơ thôi nha bạn,Chitchat,Neutral
Tui hỏi vu vơ thôi nha mình,Chitchat,Neutral
Tui hỏi vu vơ thôi nha tui,Chitchat,Neutral
Tui lạc đường rồi,Chitchat,Neutral
Tui muốn tám chút,Chitchat,Neutral
Tui out đây,Chitchat,Positive
Tui thấy hơi rối,Chitchat,Negative
Tui thấy ổn áp,Chitchat,Positive
Tui xin phép off nha,Chitchat,Neutral
Tui xin phép off nha #275,Chitchat,Neutral
Tui xin phép off nha #300,Chitchat,Neutral
Tui đang buồn ngủ quá,Chitchat,Negative
Tui đang chờ nè,Chitchat,Neutral
Tui đang hóng nè,Chitchat,Neutral
Tui đang hóng nè #264,Chitchat,Neutral
Tui đang hóng nè #289,Chitchat,Neutral
Tui đang hơi đuối,Chitchat,Negative
Tui đang rảnh xíu,Chitchat,Neutral
Tui đang rảnh xíu #282,Chitchat,Neutral
Tui đang rảnh xỉu,Chitchat,Neutral
Tâm trạng hôm nay ổn không,Chitchat,Neutral
Tâm trạng tệ quá,Chitchat,Negative
Tâm trạng ổn hơn nhiều,Chitchat,Positive
Tạm biệt nè,Chitchat,Positive
Tết xa nhà hơi buồn xíu,Chitchat,Negative
Tối nay ngủ sớm nha,Chitchat,Neutral
Vui khi co ban,Chitchat,Positive
Vui qua di mat,Chitchat,Positive
Vui qua khong ta noi,Chitchat,Positive
Vui suong vo cung,Chitchat,Positive
Vui ve qua di,Chitchat,Positive
Xỉu ngang vì bạn,Chitchat,Positive
Xỉu ngang vì bạn luôn,Chitchat,Positive
Xỉu ngang vì bạn nha,Chitchat,Positive
Xịn sò luôn,Chitchat,Positive
Yeu doi qua di,Chitchat,Positive
Yo a,Chitchat,Neutral
Yo ban,Chitchat,Negative
Yo bot,Chitchat,Positive
Yo bro,Chitchat,Neutral
Yo bro #273,Chitchat,Neutral
Yo bro #298,Chitchat,Neutral
Yo chut xiu,Chitchat,Neutral
Yo di,Chitchat,Neutral
Yo ha,Chitchat,Neutral
Yo hen,Chitchat,Neutral
Yo may,Chitchat,Neutral
Yo minh di day,Chitchat,Neutral
Yo nha,Chitchat,Negative
Yo nhe,Chitchat,Neutral
Yo oi,Chitchat,Neutral
Yo thoi,Chitchat,Neutral
Yo thoi nha,Chitchat,Positive
Yo thui,Chitchat,Positive
Yo vay,Chitchat,Neutral
ai tao ra ban,Chitchat,Neutral
ai tao ra ban ban,Chitchat,Neutral
ai tao ra ban bot,Chitchat,Neutral
ai tao ra ban di,Chitchat,Neutral
ai tao ra ban ha,Chitchat,Neutral
ai tao ra ban nha,Chitchat,Neutral
ai tao ra ban oi,Chitchat,Neutral
ai tao ra ban thoi,Chitchat,Neutral
ai tao ra ban vay,Chitchat,Neutral
app co bao cao khong,Chitchat,Neutral
app co ghi chi tieu khong hay chi tro chuyen,Chitchat,Neutral
app co mien phi khong,Chitchat,Neutral
app de lam gi,Chitchat,Neutral
app de lam gi di,Chitchat,Neutral
app de lam gi nha,Chitchat,Neutral
app de lam gi vay,Chitchat,Neutral
app hay,Chitchat,Positive
app hay bot,Chitchat,Positive
app hay di,Chitchat,Positive
app hay ha,Chitchat,Positive
app hay nha,Chitchat,Positive
app hay qua,Chitchat,Positive
app hay qua ban,Chitchat,Positive
app hay qua bot,Chitchat,Positive
app hay qua di,Chitchat,Positive
app hay qua ha,Chitchat,Positive
app hay qua nha,Chitchat,Positive
app hay qua oi,Chitchat,Positive
app hay qua thoi,Chitchat,Positive
app hay qua vay,Chitchat,Positive
app hay vay,Chitchat,Positive
app kia bật dark mode xấu quá cười muốn xỉu,Chitchat,Positive
app lam gi,Chitchat,Neutral
app lam gi ban,Chitchat,Neutral
app lam gi bot,Chitchat,Neutral
app lam gi di,Chitchat,Neutral
app lam gi ha,Chitchat,Neutral
app lam gi nha,Chitchat,Neutral
app lam gi oi,Chitchat,Neutral
app lam gi thoi,Chitchat,Neutral
app lam gi vay,Chitchat,Neutral
app nay co chuc nang gi,Chitchat,Neutral
app nay de lam gi,Chitchat,Neutral
app nay de lam gi a,Chitchat,Negative
app nay de lam gi ban,Chitchat,Neutral
app nay de lam gi bot,Chitchat,Negative
app nay de lam gi chut xiu,Chitchat,Positive
app nay de lam gi di,Chitchat,Neutral
app nay de lam gi ha,Chitchat,Neutral
app nay de lam gi hen,Chitchat,Negative
app nay de lam gi may,Chitchat,Neutral
app nay de lam gi minh di day,Chitchat,Neutral
app nay de lam gi nha,Chitchat,Negative
app nay de lam gi nhe,Chitchat,Neutral
app nay de lam gi oi,Chitchat,Negative
app nay de lam gi thoi,Chitchat,Positive
app nay de lam gi thoi nha,Chitchat,Neutral
app nay de lam gi thui,Chitchat,Neutral
app nay de lam gi vay,Chitchat,Neutral
app nay lam gi,Chitchat,Neutral
app nay lam gi di,Chitchat,Neutral
app nay lam gi nha,Chitchat,Neutral
app nay lam gi vay,Chitchat,Neutral
app quan ly chi tieu la sao,Chitchat,Neutral
ban chay tren gi,Chitchat,Neutral
ban chay tren gi ban,Chitchat,Neutral
ban chay tren gi bot,Chitchat,Neutral
ban chay tren gi di,Chitchat,Neutral
ban chay tren gi ha,Chitchat,Neutral
ban chay tren gi nha,Chitchat,Neutral
ban chay tren gi oi,Chitchat,Neutral
ban chay tren gi thoi,Chitchat,Neutral
ban chay tren gi vay,Chitchat,Neutral
ban co ban khong,Chitchat,Negative
ban co ban khong a,Chitchat,Neutral
ban co ban khong ban,Chitchat,Neutral
ban co ban khong bot,Chitchat,Neutral
ban co ban khong chut xiu,Chitchat,Neutral
ban co ban khong di,Chitchat,Neutral
ban co ban khong ha,Chitchat,Neutral
ban co ban khong hen,Chitchat,Neutral
ban co ban khong may,Chitchat,Neutral
ban co ban khong minh di day,Chitchat,Neutral
ban co ban khong nha,Chitchat,Positive
ban co ban khong nhe,Chitchat,Neutral
ban co ban khong oi,Chitchat,Negative
ban co ban khong thoi,Chitchat,Positive
ban co ban khong thoi nha,Chitchat,Positive
ban co ban khong thui,Chitchat,Negative
ban co ban khong vay,Chitchat,Positive
ban co phai ai khong,Chitchat,Neutral
ban co phai ai khong ban,Chitchat,Neutral
ban co phai ai khong bot,Chitchat,Neutral
ban co phai ai khong di,Chitchat,Neutral
ban co phai ai khong ha,Chitchat,Neutral
ban co phai ai khong nha,Chitchat,Neutral
ban co phai ai khong oi,Chitchat,Neutral
ban co phai ai khong thoi,Chitchat,Neutral
ban co phai ai khong vay,Chitchat,Neutral
ban giup minh lam gi trong app,Chitchat,Neutral
ban khoe khong,Chitchat,Neutral
ban khoe khong a,Chitchat,Neutral
ban khoe khong ban,Chitchat,Negative
ban khoe khong bot,Chitchat,Neutral
ban khoe khong chut xiu,Chitchat,Positive
ban khoe khong di,Chitchat,Neutral
ban khoe khong ha,Chitchat,Neutral
ban khoe khong hen,Chitchat,Neutral
ban khoe khong may,Chitchat,Positive
ban khoe khong minh di day,Chitchat,Neutral
ban khoe khong nha,Chitchat,Negative
ban khoe khong nhe,Chitchat,Neutral
ban khoe khong oi,Chitchat,Neutral
ban khoe khong thoi,Chitchat,Neutral
ban khoe khong thoi nha,Chitchat,Negative
ban khoe khong thui,Chitchat,Positive
ban khoe khong vay,Chitchat,Neutral
ban la ai,Chitchat,Neutral
ban la ai a,Chitchat,Negative
ban la ai ban,Chitchat,Positive
ban la ai bot,Chitchat,Neutral
ban la ai chut xiu,Chitchat,Negative
ban la ai di,Chitchat,Negative
ban la ai ha,Chitchat,Negative
ban la ai hen,Chitchat,Negative
ban la ai may,Chitchat,Neutral
ban la ai minh di day,Chitchat,Neutral
ban la ai nha,Chitchat,Positive
ban la ai nhe,Chitchat,Neutral
ban la ai oi,Chitchat,Neutral
ban la ai thoi,Chitchat,Neutral
ban la ai thoi nha,Chitchat,Negative
ban la ai thui,Chitchat,Neutral
ban la ai vay,Chitchat,Neutral
ban la ai vay ban,Chitchat,Neutral
ban la ai vay bot,Chitchat,Neutral
ban la ai vay di,Chitchat,Neutral
ban la ai vay ha,Chitchat,Neutral
ban la ai vay nha,Chitchat,Neutral
ban la ai vay oi,Chitchat,Neutral
ban la ai vay thoi,Chitchat,Neutral
ban la ai vay vay,Chitchat,Neutral
ban la nguoi hay bot,Chitchat,Neutral
ban noi hay qua,Chitchat,Neutral
ban noi hay qua a,Chitchat,Neutral
ban noi hay qua ban,Chitchat,Positive
ban noi hay qua bot,Chitchat,Neutral
ban noi hay qua chut xiu,Chitchat,Neutral
ban noi hay qua di,Chitchat,Neutral
ban noi hay qua ha,Chitchat,Neutral
ban noi hay qua hen,Chitchat,Negative
ban noi hay qua may,Chitchat,Negative
ban noi hay qua minh di day,Chitchat,Neutral
ban noi hay qua nha,Chitchat,Neutral
ban noi hay qua nhe,Chitchat,Negative
ban noi hay qua oi,Chitchat,Negative
ban noi hay qua thoi,Chitchat,Neutral
ban noi hay qua thoi nha,Chitchat,Neutral
ban noi hay qua thui,Chitchat,Negative
ban noi hay qua vay,Chitchat,Neutral
ban noi tieng Viet a,Chitchat,Neutral
ban noi tieng Viet a a,Chitchat,Neutral
ban noi tieng Viet a ban,Chitchat,Neutral
ban noi tieng Viet a bot,Chitchat,Negative
ban noi tieng Viet a chut xiu,Chitchat,Neutral
ban noi tieng Viet a di,Chitchat,Neutral
ban noi tieng Viet a ha,Chitchat,Positive
ban noi tieng Viet a hen,Chitchat,Neutral
ban noi tieng Viet a may,Chitchat,Negative
ban noi tieng Viet a minh di day,Chitchat,Neutral
ban noi tieng Viet a nha,Chitchat,Neutral
ban noi tieng Viet a nhe,Chitchat,Neutral
ban noi tieng Viet a oi,Chitchat,Neutral
ban noi tieng Viet a thoi,Chitchat,Neutral
ban noi tieng Viet a thoi nha,Chitchat,Neutral
ban noi tieng Viet a thui,Chitchat,Neutral
ban noi tieng Viet a vay,Chitchat,Positive
ban ten gi,Chitchat,Negative
ban ten gi a,Chitchat,Neutral
ban ten gi ban,Chitchat,Neutral
ban ten gi bot,Chitchat,Neutral
ban ten gi chut xiu,Chitchat,Neutral
ban ten gi di,Chitchat,Neutral
ban ten gi ha,Chitchat,Neutral
ban ten gi hen,Chitchat,Positive
ban ten gi may,Chitchat,Negative
ban ten gi minh di day,Chitchat,Neutral
ban ten gi nha,Chitchat,Positive
ban ten gi nhe,Chitchat,Neutral
ban ten gi oi,Chitchat,Neutral
ban ten gi thoi,Chitchat,Positive
ban ten gi thoi nha,Chitchat,Negative
ban ten gi thui,Chitchat,Neutral
ban ten gi vay,Chitchat,Negative
ban ten la gi,Chitchat,Neutral
ban ten la gi ban,Chitchat,Neutral
ban ten la gi bot,Chitchat,Neutral
ban ten la gi di,Chitchat,Neutral
ban ten la gi ha,Chitchat,Neutral
ban ten la gi nha,Chitchat,Neutral
ban ten la gi oi,Chitchat,Neutral
ban ten la gi thoi,Chitchat,Neutral
ban ten la gi vay,Chitchat,Neutral
bot co lam duoc gi,Chitchat,Neutral
bot cute,Chitchat,Positive
bot cute bot,Chitchat,Positive
bot cute di,Chitchat,Positive
bot cute ha,Chitchat,Positive
bot cute nha,Chitchat,Positive
bot cute qua,Chitchat,Positive
bot cute qua ban,Chitchat,Positive
bot cute qua bot,Chitchat,Positive
bot cute qua di,Chitchat,Positive
bot cute qua ha,Chitchat,Positive
bot cute qua nha,Chitchat,Positive
bot cute qua oi,Chitchat,Positive
bot cute qua thoi,Chitchat,Positive
bot cute qua vay,Chitchat,Positive
bot cute vay,Chitchat,Positive
bot gioi,Chitchat,Positive
bot gioi bot,Chitchat,Positive
bot gioi di,Chitchat,Positive
bot gioi ha,Chitchat,Positive
bot gioi nha,Chitchat,Positive
bot gioi vay,Chitchat,Positive
bot la gi,Chitchat,Neutral
bot la gi ban,Chitchat,Neutral
bot la gi bot,Chitchat,Neutral
bot la gi di,Chitchat,Neutral
bot la gi ha,Chitchat,Neutral
bot la gi nha,Chitchat,Neutral
bot la gi oi,Chitchat,Neutral
bot la gi thoi,Chitchat,Neutral
bot la gi vay,Chitchat,Neutral
bot xinh,Chitchat,Positive
bot xinh bot,Chitchat,Positive
bot xinh di,Chitchat,Positive
bot xinh ha,Chitchat,Positive
bot xinh nha,Chitchat,Positive
bot xinh qua,Chitchat,Positive
bot xinh qua ban,Chitchat,Positive
bot xinh qua bot,Chitchat,Positive
bot xinh qua di,Chitchat,Positive
bot xinh qua ha,Chitchat,Positive
bot xinh qua nha,Chitchat,Positive
bot xinh qua oi,Chitchat,Positive
bot xinh qua thoi,Chitchat,Positive
bot xinh qua vay,Chitchat,Positive
bot xinh vay,Chitchat,Positive
buon that,Chitchat,Negative
buon that ban,Chitchat,Negative
buon that bot,Chitchat,Negative
buon that di,Chitchat,Negative
buon that ha,Chitchat,Negative
buon that nha,Chitchat,Negative
buon that oi,Chitchat,Negative
buon that thoi,Chitchat,Negative
buon that vay,Chitchat,Negative
buon vi ban,Chitchat,Negative
buon vi ban ban,Chitchat,Negative
buon vi ban bot,Chitchat,Negative
buon vi ban di,Chitchat,Negative
buon vi ban ha,Chitchat,Negative
buon vi ban nha,Chitchat,Negative
buon vi ban oi,Chitchat,Negative
buon vi ban thoi,Chitchat,Negative
buon vi ban vay,Chitchat,Negative
buon vi nguoi yeu cu,Chitchat,Negative
buon vi nguoi yeu cu ban,Chitchat,Negative
buon vi nguoi yeu cu bot,Chitchat,Negative
buon vi nguoi yeu cu di,Chitchat,Negative
buon vi nguoi yeu cu ha,Chitchat,Negative
buon vi nguoi yeu cu nha,Chitchat,Negative
buon vi nguoi yeu cu oi,Chitchat,Negative
buon vi nguoi yeu cu thoi,Chitchat,Negative
buon vi nguoi yeu cu vay,Chitchat,Negative
buon vi tien,Chitchat,Negative
buon vi tien ban,Chitchat,Negative
buon vi tien bot,Chitchat,Negative
buon vi tien di,Chitchat,Negative
buon vi tien ha,Chitchat,Negative
buon vi tien nha,Chitchat,Negative
buon vi tien oi,Chitchat,Negative
buon vi tien thoi,Chitchat,Negative
buon vi tien vay,Chitchat,Negative
buon vi viec hoc,Chitchat,Negative
buon vi viec hoc ban,Chitchat,Negative
buon vi viec hoc bot,Chitchat,Negative
buon vi viec hoc di,Chitchat,Negative
buon vi viec hoc ha,Chitchat,Negative
buon vi viec hoc nha,Chitchat,Negative
buon vi viec hoc oi,Chitchat,Negative
buon vi viec hoc thoi,Chitchat,Negative
buon vi viec hoc vay,Chitchat,Negative
buổi tối tốt lành nhé,Chitchat,Neutral
bye nha,Chitchat,Neutral
bye nha a,Chitchat,Neutral
bye nha ban,Chitchat,Negative
bye nha bot,Chitchat,Negative
bye nha chut xiu,Chitchat,Neutral
bye nha di,Chitchat,Neutral
bye nha ha,Chitchat,Neutral
bye nha hen,Chitchat,Neutral
bye nha may,Chitchat,Positive
bye nha minh di day,Chitchat,Negative
bye nha nha,Chitchat,Neutral
bye nha nhe,Chitchat,Positive
bye nha oi,Chitchat,Neutral
bye nha thoi,Chitchat,Neutral
bye nha thoi nha,Chitchat,Negative
bye nha thui,Chitchat,Positive
bye nha vay,Chitchat,Negative
bạn có thích theme pastel không hay chỉ thích đen trắng,Chitchat,Neutral
bạn hiểu nhầm rồi mình không bảo bật dark mode đâu,Chitchat,Neutral
bạn nghĩ chế độ sáng có hại mắt không khi làm đêm,Chitchat,Neutral
bạn nghĩ sao về giao diện tối của messenger zalo,Chitchat,Neutral
cach ghi chi tieu,Chitchat,Neutral
cach ghi chi tieu ban,Chitchat,Neutral
cach ghi chi tieu bot,Chitchat,Neutral
cach ghi chi tieu di,Chitchat,Neutral
cach ghi chi tieu ha,Chitchat,Neutral
cach ghi chi tieu nha,Chitchat,Neutral
cach ghi chi tieu oi,Chitchat,Neutral
cach ghi chi tieu thoi,Chitchat,Neutral
cach ghi chi tieu vay,Chitchat,Neutral
cai dat o dau,Chitchat,Neutral
cai dat o dau ban,Chitchat,Neutral
cai dat o dau bot,Chitchat,Neutral
cai dat o dau di,Chitchat,Neutral
cai dat o dau ha,Chitchat,Neutral
cai dat o dau nha,Chitchat,Neutral
cai dat o dau oi,Chitchat,Neutral
cai dat o dau thoi,Chitchat,Neutral
cai dat o dau vay,Chitchat,Neutral
cam on bot,Chitchat,Positive
cam on bot bot,Chitchat,Positive
cam on bot di,Chitchat,Positive
cam on bot ha,Chitchat,Positive
cam on bot nha,Chitchat,Positive
cam on bot vay,Chitchat,Positive
cam on nhe,Chitchat,Neutral
cam on nhe a,Chitchat,Negative
cam on nhe ban,Chitchat,Neutral
cam on nhe bot,Chitchat,Neutral
cam on nhe bot ban,Chitchat,Positive
cam on nhe bot bot,Chitchat,Positive
cam on nhe bot di,Chitchat,Positive
cam on nhe bot ha,Chitchat,Positive
cam on nhe bot nha,Chitchat,Positive
cam on nhe bot oi,Chitchat,Positive
cam on nhe bot thoi,Chitchat,Positive
cam on nhe bot vay,Chitchat,Positive
cam on nhe chut xiu,Chitchat,Positive
cam on nhe di,Chitchat,Neutral
cam on nhe ha,Chitchat,Neutral
cam on nhe hen,Chitchat,Neutral
cam on nhe may,Chitchat,Positive
cam on nhe minh di day,Chitchat,Neutral
cam on nhe nha,Chitchat,Neutral
cam on nhe nhe,Chitchat,Positive
cam on nhe oi,Chitchat,Positive
cam on nhe thoi,Chitchat,Neutral
cam on nhe thoi nha,Chitchat,Neutral
cam on nhe thui,Chitchat,Negative
cam on nhe vay,Chitchat,Neutral
chan hoc,Chitchat,Negative
chan hoc ban,Chitchat,Negative
chan hoc bot,Chitchat,Negative
chan hoc di,Chitchat,Negative
chan hoc ha,Chitchat,Negative
chan hoc nha,Chitchat,Negative
chan hoc oi,Chitchat,Negative
chan hoc thoi,Chitchat,Negative
chan hoc vay,Chitchat,Negative
chan lam,Chitchat,Negative
chan lam ban,Chitchat,Negative
chan lam bot,Chitchat,Negative
chan lam di,Chitchat,Negative
chan lam ha,Chitchat,Negative
chan lam nha,Chitchat,Negative
chan lam oi,Chitchat,Negative
chan lam thoi,Chitchat,Negative
chan lam vay,Chitchat,Negative
chan lam viec,Chitchat,Negative
chan lam viec ban,Chitchat,Negative
chan lam viec bot,Chitchat,Negative
chan lam viec di,Chitchat,Negative
chan lam viec ha,Chitchat,Negative
chan lam viec nha,Chitchat,Negative
chan lam viec oi,Chitchat,Negative
chan lam viec thoi,Chitchat,Negative
chan lam viec vay,Chitchat,Negative
chan qua di,Chitchat,Negative
chan qua di ban,Chitchat,Negative
chan qua di bot,Chitchat,Negative
chan qua di di,Chitchat,Negative
chan qua di ha,Chitchat,Negative
chan qua di nha,Chitchat,Negative
chan qua di oi,Chitchat,Negative
chan qua di thoi,Chitchat,Negative
chan qua di vay,Chitchat,Negative
chao ban may,Chitchat,Positive
chao ban may bot,Chitchat,Positive
chao ban may di,Chitchat,Positive
chao ban may ha,Chitchat,Positive
chao ban may nha,Chitchat,Positive
chao ban may nha ban,Chitchat,Positive
chao ban may nha bot,Chitchat,Positive
chao ban may nha di,Chitchat,Positive
chao ban may nha ha,Chitchat,Positive
chao ban may nha nha,Chitchat,Positive
chao ban may nha oi,Chitchat,Positive
chao ban may nha thoi,Chitchat,Positive
chao ban may nha vay,Chitchat,Positive
chao ban may vay,Chitchat,Positive
chao bot,Chitchat,Negative
chao bot a,Chitchat,Positive
chao bot ban,Chitchat,Negative
chao bot bot,Chitchat,Positive
chao bot chut xiu,Chitchat,Neutral
chao bot di,Chitchat,Neutral
chao bot ha,Chitchat,Neutral
chao bot hen,Chitchat,Neutral
chao bot may,Chitchat,Neutral
chao bot minh di day,Chitchat,Neutral
chao bot nha,Chitchat,Negative
chao bot nha ban,Chitchat,Positive
chao bot nha bot,Chitchat,Positive
chao bot nha di,Chitchat,Positive
chao bot nha ha,Chitchat,Positive
chao bot nha nha,Chitchat,Positive
chao bot nha oi,Chitchat,Positive
chao bot nha thoi,Chitchat,Positive
chao bot nha vay,Chitchat,Positive
chao bot nhe,Chitchat,Neutral
chao bot oi,Chitchat,Neutral
chao bot thoi,Chitchat,Neutral
chao bot thoi nha,Chitchat,Negative
chao bot thui,Chitchat,Negative
chao bot vay,Chitchat,Neutral
chi hoi app thoi nhe,Chitchat,Neutral
chi muon tam su,Chitchat,Positive
chi muon tam su a,Chitchat,Positive
chi muon tam su ban,Chitchat,Positive
chi muon tam su bot,Chitchat,Neutral
chi muon tam su chut xiu,Chitchat,Neutral
chi muon tam su di,Chitchat,Neutral
chi muon tam su ha,Chitchat,Neutral
chi muon tam su hen,Chitchat,Negative
chi muon tam su may,Chitchat,Positive
chi muon tam su minh di day,Chitchat,Neutral
chi muon tam su nha,Chitchat,Neutral
chi muon tam su nhe,Chitchat,Negative
chi muon tam su oi,Chitchat,Neutral
chi muon tam su thoi,Chitchat,Neutral
chi muon tam su thoi nha,Chitchat,Neutral
chi muon tam su thui,Chitchat,Neutral
chi muon tam su vay,Chitchat,Neutral
cho hoi nhanh ve app,Chitchat,Neutral
cho minh hoi,Chitchat,Neutral
cho minh hoi app lam gi,Chitchat,Neutral
cho minh hoi app lam gi di,Chitchat,Neutral
cho minh hoi app lam gi nha,Chitchat,Neutral
cho minh hoi app lam gi vay,Chitchat,Neutral
cho minh hoi ban,Chitchat,Neutral
cho minh hoi bot,Chitchat,Neutral
cho minh hoi di,Chitchat,Neutral
cho minh hoi ha,Chitchat,Neutral
cho minh hoi nha,Chitchat,Neutral
cho minh hoi nhanh,Chitchat,Neutral
cho minh hoi nhanh a,Chitchat,Negative
cho minh hoi nhanh ban,Chitchat,Neutral
cho minh hoi nhanh bot,Chitchat,Neutral
cho minh hoi nhanh chut xiu,Chitchat,Neutral
cho minh hoi nhanh di,Chitchat,Neutral
cho minh hoi nhanh ha,Chitchat,Negative
cho minh hoi nhanh hen,Chitchat,Neutral
cho minh hoi nhanh may,Chitchat,Negative
cho minh hoi nhanh minh di day,Chitchat,Neutral
cho minh hoi nhanh nha,Chitchat,Positive
cho minh hoi nhanh nhe,Chitchat,Neutral
cho minh hoi nhanh oi,Chitchat,Negative
cho minh hoi nhanh thoi,Chitchat,Positive
cho minh hoi nhanh thoi nha,Chitchat,Neutral
cho minh hoi nhanh thui,Chitchat,Neutral
cho minh hoi nhanh vay,Chitchat,Neutral
cho minh hoi oi,Chitchat,Neutral
cho minh hoi thoi,Chitchat,Neutral
cho minh hoi tro ly nay lam gi,Chitchat,Neutral
cho minh hoi vay,Chitchat,Neutral
chuc ngon mieng,Chitchat,Neutral
chuc ngon mieng a,Chitchat,Negative
chuc ngon mieng ban,Chitchat,Negative
chuc ngon mieng bot,Chitchat,Neutral
chuc ngon mieng chut xiu,Chitchat,Positive
chuc ngon mieng di,Chitchat,Positive
chuc ngon mieng ha,Chitchat,Positive
chuc ngon mieng hen,Chitchat,Neutral
chuc ngon mieng may,Chitchat,Negative
chuc ngon mieng minh di day,Chitchat,Neutral
chuc ngon mieng nha,Chitchat,Neutral
chuc ngon mieng nhe,Chitchat,Positive
chuc ngon mieng oi,Chitchat,Neutral
chuc ngon mieng thoi,Chitchat,Neutral
chuc ngon mieng thoi nha,Chitchat,Neutral
chuc ngon mieng thui,Chitchat,Negative
chuc ngon mieng vay,Chitchat,Positive
"chào buổi tối, hôm nay mệt quá",Chitchat,Negative
chúc bạn buổi tối vui vẻ,Chitchat,Neutral
chúc ngủ ngon buổi tối,Chitchat,Neutral
chế độ hài hước của bạn làm mình cười suốt,Chitchat,Positive
chế độ nói chuyện này của bot dễ thương quá ha,Chitchat,Positive
chế độ trả lời của bạn hơi máy móc nhưng cũng dễ thương,Chitchat,Neutral
chỉ muốn chat về UX chung chung không cấu hình app,Chitchat,Neutral
co ai khong,Chitchat,Neutral
co ai khong a,Chitchat,Neutral
co ai khong ban,Chitchat,Neutral
co ai khong bot,Chitchat,Neutral
co ai khong chut xiu,Chitchat,Neutral
co ai khong di,Chitchat,Neutral
co ai khong ha,Chitchat,Neutral
co ai khong hen,Chitchat,Neutral
co ai khong may,Chitchat,Neutral
co ai khong minh di day,Chitchat,Neutral
co ai khong nha,Chitchat,Neutral
co ai khong nhe,Chitchat,Neutral
co ai khong oi,Chitchat,Neutral
co ai khong thoi,Chitchat,Neutral
co ai khong thoi nha,Chitchat,Neutral
co ai khong thui,Chitchat,Neutral
co ai khong vay,Chitchat,Neutral
co bao cao khong,Chitchat,Neutral
co bao cao khong ban,Chitchat,Neutral
co bao cao khong bot,Chitchat,Neutral
co bao cao khong di,Chitchat,Neutral
co bao cao khong ha,Chitchat,Neutral
co bao cao khong nha,Chitchat,Neutral
co bao cao khong oi,Chitchat,Neutral
co bao cao khong thoi,Chitchat,Neutral
co bao cao khong vay,Chitchat,Neutral
co bao mat khong,Chitchat,Neutral
co bao mat khong ban,Chitchat,Neutral
co bao mat khong bot,Chitchat,Neutral
co bao mat khong di,Chitchat,Neutral
co bao mat khong ha,Chitchat,Neutral
co bao mat khong nha,Chitchat,Neutral
co bao mat khong oi,Chitchat,Neutral
co bao mat khong thoi,Chitchat,Neutral
co bao mat khong vay,Chitchat,Neutral
co the hoi khong,Chitchat,Neutral
co the hoi khong ban,Chitchat,Neutral
co the hoi khong bot,Chitchat,Neutral
co the hoi khong di,Chitchat,Neutral
co the hoi khong ha,Chitchat,Neutral
co the hoi khong nha,Chitchat,Neutral
co the hoi khong oi,Chitchat,Neutral
co the hoi khong thoi,Chitchat,Neutral
co the hoi khong vay,Chitchat,Neutral
cool bot,Chitchat,Positive
cool bot bot,Chitchat,Positive
cool bot di,Chitchat,Positive
cool bot ha,Chitchat,Positive
cool bot nha,Chitchat,Positive
cool bot vay,Chitchat,Positive
câu vừa rồi chỉ là ví dụ ngữ pháp có chữ chế độ thôi,Chitchat,Neutral
dang nhap the nao,Chitchat,Neutral
dang nhap the nao ban,Chitchat,Neutral
dang nhap the nao bot,Chitchat,Neutral
dang nhap the nao di,Chitchat,Neutral
dang nhap the nao ha,Chitchat,Neutral
dang nhap the nao nha,Chitchat,Neutral
dang yeu qua,Chitchat,Positive
dang yeu qua ban,Chitchat,Positive
dang yeu qua bot,Chitchat,Positive
dang yeu qua di,Chitchat,Positive
dang yeu qua ha,Chitchat,Positive
dang yeu qua nha,Chitchat,Positive
dang yeu qua oi,Chitchat,Positive
dang yeu qua thoi,Chitchat,Positive
dang yeu qua vay,Chitchat,Positive
dark mode là gì vậy bạn giải thích chơi thôi,Chitchat,Neutral
dark mode meme trên mạng nhiều quá chán ghê,Chitchat,Negative
doi luc can dong vien,Chitchat,Negative
doi luc can dong vien a,Chitchat,Neutral
doi luc can dong vien ban,Chitchat,Neutral
doi luc can dong vien bot,Chitchat,Neutral
doi luc can dong vien chut xiu,Chitchat,Positive
doi luc can dong vien di,Chitchat,Neutral
doi luc can dong vien ha,Chitchat,Negative
doi luc can dong vien hen,Chitchat,Neutral
doi luc can dong vien may,Chitchat,Positive
doi luc can dong vien minh di day,Chitchat,Neutral
doi luc can dong vien nha,Chitchat,Negative
doi luc can dong vien nhe,Chitchat,Positive
doi luc can dong vien oi,Chitchat,Positive
doi luc can dong vien thoi,Chitchat,Neutral
doi luc can dong vien thoi nha,Chitchat,Neutral
doi luc can dong vien thui,Chitchat,Neutral
doi luc can dong vien vay,Chitchat,Neutral
doi luc met,Chitchat,Neutral
doi luc met a,Chitchat,Negative
doi luc met ban,Chitchat,Negative
doi luc met bot,Chitchat,Negative
doi luc met chut xiu,Chitchat,Neutral
doi luc met di,Chitchat,Neutral
doi luc met ha,Chitchat,Neutral
doi luc met hen,Chitchat,Neutral
doi luc met may,Chitchat,Neutral
doi luc met minh di day,Chitchat,Neutral
doi luc met nha,Chitchat,Neutral
doi luc met nhe,Chitchat,Neutral
doi luc met oi,Chitchat,Positive
doi luc met thoi,Chitchat,Positive
doi luc met thoi nha,Chitchat,Negative
doi luc met thui,Chitchat,Negative
doi luc met vay,Chitchat,Neutral
doi mat khau,Chitchat,Neutral
doi mat khau ban,Chitchat,Neutral
doi mat khau bot,Chitchat,Neutral
doi mat khau di,Chitchat,Neutral
doi mat khau ha,Chitchat,Neutral
doi mat khau nha,Chitchat,Neutral
doi mat khau oi,Chitchat,Neutral
doi mat khau thoi,Chitchat,Neutral
doi mat khau vay,Chitchat,Neutral
dth qua,Chitchat,Positive
dth qua bot,Chitchat,Positive
dth qua di,Chitchat,Positive
dth qua ha,Chitchat,Positive
dth qua nha,Chitchat,Positive
dth qua vay,Chitchat,Positive
du lieu luu o dau,Chitchat,Neutral
du lieu luu o dau ban,Chitchat,Neutral
du lieu luu o dau bot,Chitchat,Neutral
du lieu luu o dau di,Chitchat,Neutral
du lieu luu o dau ha,Chitchat,Neutral
du lieu luu o dau nha,Chitchat,Neutral
du lieu luu o dau oi,Chitchat,Neutral
du lieu luu o dau thoi,Chitchat,Neutral
du lieu luu o dau vay,Chitchat,Neutral
em chào anh buổi tối ạ,Chitchat,Neutral
fan bot,Chitchat,Positive
fan bot bot,Chitchat,Positive
fan bot di,Chitchat,Positive
fan bot ha,Chitchat,Positive
fan bot nha,Chitchat,Positive
fan bot vay,Chitchat,Positive
ghi chi tieu the nao,Chitchat,Neutral
ghi chi tieu the nao ban,Chitchat,Neutral
ghi chi tieu the nao bot,Chitchat,Neutral
ghi chi tieu the nao di,Chitchat,Neutral
ghi chi tieu the nao ha,Chitchat,Neutral
ghi chi tieu the nao nha,Chitchat,Neutral
ghi chi tieu the nao oi,Chitchat,Neutral
ghi chi tieu the nao thoi,Chitchat,Neutral
ghi chi tieu the nao vay,Chitchat,Neutral
giao diện tối của phim noir rất hợp vibe chứ không nói app đâu,Chitchat,Neutral
gio may roi,Chitchat,Positive
gio may roi a,Chitchat,Positive
gio may roi ban,Chitchat,Negative
gio may roi bot,Chitchat,Positive
gio may roi chut xiu,Chitchat,Neutral
gio may roi di,Chitchat,Negative
gio may roi ha,Chitchat,Negative
gio may roi hen,Chitchat,Negative
gio may roi may,Chitchat,Neutral
gio may roi minh di day,Chitchat,Negative
gio may roi nha,Chitchat,Negative
gio may roi nhe,Chitchat,Neutral
gio may roi oi,Chitchat,Positive
gio may roi thoi,Chitchat,Negative
gio may roi thoi nha,Chitchat,Neutral
gio may roi thui,Chitchat,Negative
gio may roi vay,Chitchat,Neutral
gioi thieu app di,Chitchat,Neutral
haha,Chitchat,Negative
haha a,Chitchat,Neutral
haha ban,Chitchat,Neutral
haha bot,Chitchat,Neutral
haha chut xiu,Chitchat,Positive
haha di,Chitchat,Neutral
haha ha,Chitchat,Neutral
haha hen,Chitchat,Neutral
haha may,Chitchat,Neutral
haha minh di day,Chitchat,Neutral
haha nha,Chitchat,Negative
haha nhe,Chitchat,Neutral
haha oi,Chitchat,Neutral
haha thoi,Chitchat,Neutral
haha thoi nha,Chitchat,Negative
haha thui,Chitchat,Neutral
haha vay,Chitchat,Neutral
hay qua di,Chitchat,Positive
hay qua di ban,Chitchat,Positive
hay qua di bot,Chitchat,Positive
hay qua di di,Chitchat,Positive
hay qua di ha,Chitchat,Positive
hay qua di nha,Chitchat,Positive
hay qua di oi,Chitchat,Positive
hay qua di thoi,Chitchat,Positive
hay qua di vay,Chitchat,Positive
hay qua ha,Chitchat,Positive
hay qua ha ban,Chitchat,Positive
hay qua ha bot,Chitchat,Positive
hay qua ha di,Chitchat,Positive
hay qua ha ha,Chitchat,Positive
hay qua ha nha,Chitchat,Positive
hay qua ha oi,Chitchat,Positive
hay qua ha thoi,Chitchat,Positive
hay qua ha vay,Chitchat,Positive
hay qua nha,Chitchat,Positive
hay qua nha bot,Chitchat,Positive
hay qua nha di,Chitchat,Positive
hay qua nha ha,Chitchat,Positive
hay qua nha nha,Chitchat,Positive
hay qua nha vay,Chitchat,Positive
hehe,Chitchat,Positive
hehe bot,Chitchat,Positive
hehe di,Chitchat,Positive
hehe ha,Chitchat,Positive
hehe nha,Chitchat,Positive
hehe vay,Chitchat,Positive
hen gap,Chitchat,Positive
hen gap bot,Chitchat,Positive
hen gap lai,Chitchat,Neutral
hen gap lai a,Chitchat,Neutral
hen gap lai ban,Chitchat,Negative
hen gap lai bot,Chitchat,Neutral
hen gap lai chut xiu,Chitchat,Negative
hen gap lai di,Chitchat,Neutral
hen gap lai ha,Chitchat,Neutral
hen gap lai hen,Chitchat,Neutral
hen gap lai may,Chitchat,Neutral
hen gap lai minh di day,Chitchat,Positive
hen gap lai nha,Chitchat,Neutral
hen gap lai nhe,Chitchat,Neutral
hen gap lai oi,Chitchat,Positive
hen gap lai thoi,Chitchat,Neutral
hen gap lai thoi nha,Chitchat,Neutral
hen gap lai thui,Chitchat,Neutral
hen gap lai vay,Chitchat,Neutral
hen gap nha,Chitchat,Positive
hihi,Chitchat,Positive
hihi a,Chitchat,Neutral
hihi ban,Chitchat,Positive
hihi bot,Chitchat,Positive
hihi cam on,Chitchat,Positive
hihi cam on ban,Chitchat,Positive
hihi cam on bot,Chitchat,Positive
hihi cam on di,Chitchat,Positive
hihi cam on ha,Chitchat,Positive
hihi cam on nha,Chitchat,Positive
hihi cam on oi,Chitchat,Positive
hihi cam on thoi,Chitchat,Positive
hihi cam on vay,Chitchat,Positive
hihi chut xiu,Chitchat,Neutral
hihi di,Chitchat,Neutral
hihi ha,Chitchat,Neutral
hihi hen,Chitchat,Neutral
hihi may,Chitchat,Neutral
hihi minh di day,Chitchat,Neutral
hihi nha,Chitchat,Positive
hihi nhe,Chitchat,Neutral
hihi oi,Chitchat,Neutral
hihi thoi,Chitchat,Positive
hihi thoi nha,Chitchat,Neutral
hihi thui,Chitchat,Positive
hihi vay,Chitchat,Neutral
hoi choi app thoi nha,Chitchat,Neutral
hoi chut,Chitchat,Neutral
hoi chut ban,Chitchat,Neutral
hoi chut bot,Chitchat,Neutral
hoi chut di,Chitchat,Neutral
hoi chut ha,Chitchat,Neutral
hoi chut nha,Chitchat,Neutral
hoi chut oi,Chitchat,Neutral
hoi chut thoi,Chitchat,Neutral
hoi chut vay,Chitchat,Neutral
hom nay,Chitchat,Neutral
hom nay a,Chitchat,Negative
hom nay ban,Chitchat,Neutral
hom nay bot,Chitchat,Negative
hom nay buon,Chitchat,Negative
hom nay buon ban,Chitchat,Negative
hom nay buon bot,Chitchat,Negative
hom nay buon di,Chitchat,Negative
hom nay buon ha,Chitchat,Negative
hom nay buon nha,Chitchat,Negative
hom nay buon oi,Chitchat,Negative
hom nay buon qua,Chitchat,Negative
hom nay buon qua di,Chitchat,Negative
hom nay buon qua nha,Chitchat,Negative
hom nay buon qua vay,Chitchat,Negative
hom nay buon thoi,Chitchat,Negative
hom nay buon vay,Chitchat,Negative
hom nay chan,Chitchat,Negative
hom nay chan di,Chitchat,Negative
hom nay chan nha,Chitchat,Negative
hom nay chan vay,Chitchat,Negative
hom nay chut xiu,Chitchat,Neutral
hom nay di,Chitchat,Neutral
hom nay ha,Chitchat,Positive
hom nay hen,Chitchat,Neutral
hom nay la thu may,Chitchat,Neutral
hom nay la thu may a,Chitchat,Neutral
hom nay la thu may ban,Chitchat,Positive
hom nay la thu may bot,Chitchat,Negative
hom nay la thu may chut xiu,Chitchat,Positive
hom nay la thu may di,Chitchat,Neutral
hom nay la thu may ha,Chitchat,Neutral
hom nay la thu may hen,Chitchat,Neutral
hom nay la thu may may,Chitchat,Positive
hom nay la thu may minh di day,Chitchat,Negative
hom nay la thu may nha,Chitchat,Neutral
hom nay la thu may nhe,Chitchat,Neutral
hom nay la thu may oi,Chitchat,Neutral
hom nay la thu may thoi,Chitchat,Neutral
hom nay la thu may thoi nha,Chitchat,Neutral
hom nay la thu may thui,Chitchat,Neutral
hom nay la thu may vay,Chitchat,Neutral
hom nay may,Chitchat,Neutral
hom nay met qua roi,Chitchat,Negative
hom nay met qua roi a,Chitchat,Neutral
hom nay met qua roi ban,Chitchat,Neutral
hom nay met qua roi bot,Chitchat,Neutral
hom nay met qua roi chut xiu,Chitchat,Positive
hom nay met qua roi di,Chitchat,Neutral
hom nay met qua roi ha,Chitchat,Neutral
hom nay met qua roi hen,Chitchat,Neutral
hom nay met qua roi may,Chitchat,Neutral
hom nay met qua roi minh di day,Chitchat,Neutral
hom nay met qua roi nha,Chitchat,Positive
hom nay met qua roi nhe,Chitchat,Negative
hom nay met qua roi oi,Chitchat,Negative
hom nay met qua roi thoi,Chitchat,Neutral
hom nay met qua roi thoi nha,Chitchat,Negative
hom nay met qua roi thui,Chitchat,Positive
hom nay met qua roi vay,Chitchat,Neutral
hom nay minh di day,Chitchat,Neutral
hom nay nha,Chitchat,Neutral
hom nay nhe,Chitchat,Neutral
hom nay oi,Chitchat,Neutral
hom nay thoi,Chitchat,Negative
hom nay thoi nha,Chitchat,Neutral
hom nay thui,Chitchat,Neutral
hom nay vay,Chitchat,Neutral
huong dan su dung,Chitchat,Neutral
huong dan su dung app,Chitchat,Neutral
huong dan su dung ban,Chitchat,Neutral
huong dan su dung bot,Chitchat,Neutral
huong dan su dung di,Chitchat,Neutral
huong dan su dung ha,Chitchat,Neutral
huong dan su dung nha,Chitchat,Neutral
huong dan su dung oi,Chitchat,Neutral
huong dan su dung thoi,Chitchat,Neutral
huong dan su dung vay,Chitchat,Neutral
hẹn tối mai gặp lại,Chitchat,Neutral
hỏi cho vui: night mode có giúp ngủ ngon hơn không ta,Chitchat,Neutral
ke chuyen vui di,Chitchat,Neutral
ke chuyen vui di a,Chitchat,Neutral
ke chuyen vui di ban,Chitchat,Neutral
ke chuyen vui di bot,Chitchat,Neutral
ke chuyen vui di chut xiu,Chitchat,Negative
ke chuyen vui di di,Chitchat,Positive
ke chuyen vui di ha,Chitchat,Neutral
ke chuyen vui di hen,Chitchat,Positive
ke chuyen vui di may,Chitchat,Negative
ke chuyen vui di minh di day,Chitchat,Positive
ke chuyen vui di nha,Chitchat,Neutral
ke chuyen vui di nhe,Chitchat,Positive
ke chuyen vui di oi,Chitchat,Neutral
ke chuyen vui di thoi,Chitchat,Neutral
ke chuyen vui di thoi nha,Chitchat,Neutral
ke chuyen vui di thui,Chitchat,Negative
ke chuyen vui di vay,Chitchat,Positive
ket thuc chat nhe,Chitchat,Neutral
ket thuc chat nhe a,Chitchat,Neutral
ket thuc chat nhe ban,Chitchat,Neutral
ket thuc chat nhe bot,Chitchat,Neutral
ket thuc chat nhe chut xiu,Chitchat,Neutral
ket thuc chat nhe di,Chitchat,Neutral
ket thuc chat nhe ha,Chitchat,Neutral
ket thuc chat nhe hen,Chitchat,Positive
ket thuc chat nhe may,Chitchat,Positive
ket thuc chat nhe minh di day,Chitchat,Positive
ket thuc chat nhe nha,Chitchat,Neutral
ket thuc chat nhe nhe,Chitchat,Neutral
ket thuc chat nhe oi,Chitchat,Positive
ket thuc chat nhe thoi,Chitchat,Neutral
ket thuc chat nhe thoi nha,Chitchat,Positive
ket thuc chat nhe thui,Chitchat,Neutral
ket thuc chat nhe vay,Chitchat,Neutral
khen bot,Chitchat,Positive
khen bot bot,Chitchat,Positive
khen bot di,Chitchat,Positive
khen bot ha,Chitchat,Positive
khen bot nha,Chitchat,Positive
khen bot vay,Chitchat,Positive
khong biet app lam gi het,Chitchat,Neutral
khong biet hoi ai,Chitchat,Positive
khong biet hoi ai a,Chitchat,Negative
khong biet hoi ai ban,Chitchat,Positive
khong biet hoi ai bot,Chitchat,Positive
khong biet hoi ai chut xiu,Chitchat,Positive
khong biet hoi ai di,Chitchat,Neutral
khong biet hoi ai ha,Chitchat,Negative
khong biet hoi ai hen,Chitchat,Positive
khong biet hoi ai may,Chitchat,Negative
khong biet hoi ai minh di day,Chitchat,Neutral
khong biet hoi ai nha,Chitchat,Positive
khong biet hoi ai nhe,Chitchat,Negative
khong biet hoi ai oi,Chitchat,Neutral
khong biet hoi ai thoi,Chitchat,Negative
khong biet hoi ai thoi nha,Chitchat,Neutral
khong biet hoi ai thui,Chitchat,Positive
khong biet hoi ai vay,Chitchat,Negative
khong lien quan tien,Chitchat,Neutral
khong lien quan tien a,Chitchat,Neutral
khong lien quan tien ban,Chitchat,Neutral
khong lien quan tien bot,Chitchat,Negative
khong lien quan tien chut xiu,Chitchat,Neutral
khong lien quan tien di,Chitchat,Neutral
khong lien quan tien ha,Chitchat,Negative
khong lien quan tien hen,Chitchat,Neutral
khong lien quan tien may,Chitchat,Neutral
khong lien quan tien minh di day,Chitchat,Neutral
khong lien quan tien nha,Chitchat,Neutral
khong lien quan tien nhe,Chitchat,Neutral
khong lien quan tien oi,Chitchat,Negative
khong lien quan tien thoi,Chitchat,Negative
khong lien quan tien thoi nha,Chitchat,Negative
khong lien quan tien thui,Chitchat,Neutral
khong lien quan tien vay,Chitchat,Positive
khong muon nhap chi tieu,Chitchat,Neutral
khong muon nhap chi tieu a,Chitchat,Neutral
khong muon nhap chi tieu ban,Chitchat,Neutral
khong muon nhap chi tieu bot,Chitchat,Neutral
khong muon nhap chi tieu chut xiu,Chitchat,Negative
khong muon nhap chi tieu di,Chitchat,Neutral
khong muon nhap chi tieu ha,Chitchat,Neutral
khong muon nhap chi tieu hen,Chitchat,Negative
khong muon nhap chi tieu may,Chitchat,Neutral
khong muon nhap chi tieu minh di day,Chitchat,Neutral
khong muon nhap chi tieu nha,Chitchat,Positive
khong muon nhap chi tieu nhe,Chitchat,Neutral
khong muon nhap chi tieu oi,Chitchat,Neutral
khong muon nhap chi tieu thoi,Chitchat,Negative
khong muon nhap chi tieu thoi nha,Chitchat,Neutral
khong muon nhap chi tieu thui,Chitchat,Neutral
khong muon nhap chi tieu vay,Chitchat,Negative
khong phai ghi chi tieu dau minh hoi thoi,Chitchat,Neutral
khong vui,Chitchat,Negative
khong vui ban,Chitchat,Negative
khong vui bot,Chitchat,Negative
khong vui di,Chitchat,Negative
khong vui ha,Chitchat,Negative
khong vui nha,Chitchat,Negative
khong vui oi,Chitchat,Negative
khong vui thoi,Chitchat,Negative
khong vui vay,Chitchat,Negative
không cần bật chế độ gì đâu mình chỉ hỏi chơi thôi,Chitchat,Neutral
kể chuyện dark mode hoá ra là trend tiktok thôi,Chitchat,Neutral
mai minh,Chitchat,Neutral
mai minh a,Chitchat,Negative
mai minh ban,Chitchat,Negative
mai minh bot,Chitchat,Neutral
mai minh chut xiu,Chitchat,Positive
mai minh di,Chitchat,Neutral
mai minh ha,Chitchat,Negative
mai minh hen,Chitchat,Neutral
mai minh may,Chitchat,Neutral
mai minh minh di day,Chitchat,Negative
mai minh nha,Chitchat,Negative
mai minh nhe,Chitchat,Positive
mai minh oi,Chitchat,Neutral
mai minh thoi,Chitchat,Neutral
mai minh thoi nha,Chitchat,Negative
mai minh thui,Chitchat,Neutral
mai minh vay,Chitchat,Positive
may la bot gi vay,Chitchat,Neutral
met ca nguoi,Chitchat,Negative
met ca nguoi bot,Chitchat,Negative
met ca nguoi di,Chitchat,Negative
met ca nguoi ha,Chitchat,Negative
met ca nguoi nha,Chitchat,Negative
met moi qua,Chitchat,Negative
met moi qua ban,Chitchat,Negative
met moi qua bot,Chitchat,Negative
met moi qua di,Chitchat,Negative
met moi qua ha,Chitchat,Negative
met moi qua nha,Chitchat,Negative
met moi qua oi,Chitchat,Negative
met moi qua thoi,Chitchat,Negative
met moi qua vay,Chitchat,Negative
met qua di,Chitchat,Neutral
met qua di a,Chitchat,Neutral
met qua di ban,Chitchat,Positive
met qua di bot,Chitchat,Neutral
met qua di chut xiu,Chitchat,Negative
met qua di di,Chitchat,Neutral
met qua di ha,Chitchat,Negative
met qua di hen,Chitchat,Neutral
met qua di may,Chitchat,Neutral
met qua di minh di day,Chitchat,Neutral
met qua di nha,Chitchat,Neutral
met qua di nhe,Chitchat,Neutral
met qua di oi,Chitchat,Neutral
met qua di thoi,Chitchat,Neutral
met qua di thoi nha,Chitchat,Negative
met qua di thui,Chitchat,Neutral
met qua di vay,Chitchat,Neutral
met qua roi,Chitchat,Negative
met qua roi ban,Chitchat,Negative
met qua roi bot,Chitchat,Negative
met qua roi di,Chitchat,Negative
met qua roi ha,Chitchat,Negative
met qua roi nha,Chitchat,Negative
met qua roi oi,Chitchat,Negative
met qua roi thoi,Chitchat,Negative
met qua roi vay,Chitchat,Negative
minh can hoi ve tinh nang app,Chitchat,Neutral
minh chi tam su,Chitchat,Negative
minh chi tam su a,Chitchat,Neutral
minh chi tam su ban,Chitchat,Negative
minh chi tam su bot,Chitchat,Neutral
minh chi tam su chut xiu,Chitchat,Positive
minh chi tam su di,Chitchat,Positive
minh chi tam su ha,Chitchat,Neutral
minh chi tam su hen,Chitchat,Positive
minh chi tam su may,Chitchat,Neutral
minh chi tam su minh di day,Chitchat,Negative
minh chi tam su nha,Chitchat,Neutral
minh chi tam su nhe,Chitchat,Positive
minh chi tam su oi,Chitchat,Positive
minh chi tam su thoi,Chitchat,Positive
minh chi tam su thoi nha,Chitchat,Positive
minh chi tam su thui,Chitchat,Positive
minh chi tam su vay,Chitchat,Neutral
minh hoi app chu khong ghi tien,Chitchat,Neutral
minh hoi chut,Chitchat,Neutral
minh hoi chut a,Chitchat,Neutral
minh hoi chut ban,Chitchat,Positive
minh hoi chut bot,Chitchat,Neutral
minh hoi chut chut xiu,Chitchat,Negative
minh hoi chut di,Chitchat,Positive
minh hoi chut ha,Chitchat,Neutral
minh hoi chut hen,Chitchat,Positive
minh hoi chut may,Chitchat,Negative
minh hoi chut minh di day,Chitchat,Neutral
minh hoi chut nha,Chitchat,Neutral
minh hoi chut nhe,Chitchat,Positive
minh hoi chut oi,Chitchat,Neutral
minh hoi chut thoi,Chitchat,Neutral
minh hoi chut thoi nha,Chitchat,Neutral
minh hoi chut thui,Chitchat,Neutral
minh hoi chut vay,Chitchat,Positive
minh moi tai app chua biet dung sao,Chitchat,Neutral
mình chỉ muốn chào buổi tối thôi,Chitchat,Neutral
mình khen chế độ đùa của bạn thôi không phải lệnh đâu nha,Chitchat,Positive
mình không muốn đổi cài đặt gì chỉ buồn muốn tâm sự,Chitchat,Negative
mình thích theme sáng hơn theme tối khi đọc sách ở ngoài,Chitchat,Neutral
mình đang phàn nàn giao diện web chứ không chỉnh app chi tiêu,Chitchat,Negative
mình đang tám chuyện chứ không nhờ bạn bật tính năng đâu,Chitchat,Neutral
ngu ngon,Chitchat,Neutral
ngu ngon a,Chitchat,Negative
ngu ngon ban,Chitchat,Negative
ngu ngon bot,Chitchat,Neutral
ngu ngon chut xiu,Chitchat,Neutral
ngu ngon di,Chitchat,Neutral
ngu ngon ha,Chitchat,Positive
ngu ngon hen,Chitchat,Neutral
ngu ngon may,Chitchat,Neutral
ngu ngon minh di day,Chitchat,Neutral
ngu ngon nha,Chitchat,Neutral
ngu ngon nhe,Chitchat,Neutral
ngu ngon oi,Chitchat,Negative
ngu ngon thoi,Chitchat,Neutral
ngu ngon thoi nha,Chitchat,Negative
ngu ngon thui,Chitchat,Neutral
ngu ngon vay,Chitchat,Positive
nice bot,Chitchat,Positive
nice bot bot,Chitchat,Positive
nice bot di,Chitchat,Positive
nice bot ha,Chitchat,Positive
nice bot nha,Chitchat,Positive
nice bot vay,Chitchat,Positive
night mode trên điện thoại có tốn pin không nhỉ,Chitchat,Neutral
noi choi thoi,Chitchat,Neutral
noi choi thoi a,Chitchat,Neutral
noi choi thoi ban,Chitchat,Neutral
noi choi thoi bot,Chitchat,Neutral
noi choi thoi chut xiu,Chitchat,Neutral
noi choi thoi di,Chitchat,Neutral
noi choi thoi ha,Chitchat,Positive
noi choi thoi hen,Chitchat,Neutral
noi choi thoi may,Chitchat,Neutral
noi choi thoi minh di day,Chitchat,Positive
noi choi thoi nha,Chitchat,Neutral
noi choi thoi nhe,Chitchat,Negative
noi choi thoi oi,Chitchat,Neutral
noi choi thoi thoi,Chitchat,Neutral
noi choi thoi thoi nha,Chitchat,Neutral
noi choi thoi thui,Chitchat,Neutral
noi choi thoi vay,Chitchat,Negative
noi chuyen chan thoi,Chitchat,Neutral
noi chuyen chan thoi a,Chitchat,Neutral
noi chuyen chan thoi ban,Chitchat,Neutral
noi chuyen chan thoi bot,Chitchat,Neutral
noi chuyen chan thoi chut xiu,Chitchat,Neutral
noi chuyen chan thoi di,Chitchat,Negative
noi chuyen chan thoi ha,Chitchat,Neutral
noi chuyen chan thoi hen,Chitchat,Neutral
noi chuyen chan thoi may,Chitchat,Neutral
noi chuyen chan thoi minh di day,Chitchat,Negative
noi chuyen chan thoi nha,Chitchat,Positive
noi chuyen chan thoi nhe,Chitchat,Neutral
noi chuyen chan thoi oi,Chitchat,Neutral
noi chuyen chan thoi thoi,Chitchat,Positive
noi chuyen chan thoi thoi nha,Chitchat,Neutral
noi chuyen chan thoi thui,Chitchat,Neutral
noi chuyen chan thoi vay,Chitchat,Neutral
okela,Chitchat,Negative
okela a,Chitchat,Neutral
okela ban,Chitchat,Positive
okela bot,Chitchat,Positive
okela chut xiu,Chitchat,Neutral
okela di,Chitchat,Positive
okela di ban,Chitchat,Positive
okela di bot,Chitchat,Positive
okela di di,Chitchat,Positive
okela di ha,Chitchat,Positive
okela di nha,Chitchat,Positive
okela di oi,Chitchat,Positive
okela di thoi,Chitchat,Positive
okela di vay,Chitchat,Positive
okela ha,Chitchat,Negative
okela hen,Chitchat,Positive
okela hen ban,Chitchat,Positive
okela hen bot,Chitchat,Positive
okela hen di,Chitchat,Positive
okela hen ha,Chitchat,Positive
okela hen nha,Chitchat,Positive
okela hen oi,Chitchat,Positive
okela hen thoi,Chitchat,Positive
okela hen vay,Chitchat,Positive
okela may,Chitchat,Neutral
okela minh di day,Chitchat,Neutral
okela nha,Chitchat,Negative
okela nha ban,Chitchat,Positive
okela nha bot,Chitchat,Positive
okela nha di,Chitchat,Positive
okela nha ha,Chitchat,Positive
okela nha nha,Chitchat,Positive
okela nha oi,Chitchat,Positive
okela nha thoi,Chitchat,Positive
okela nha vay,Chitchat,Positive
okela nhe,Chitchat,Negative
okela oi,Chitchat,Positive
okela thoi,Chitchat,Neutral
okela thoi nha,Chitchat,Positive
okela thui,Chitchat,Positive
okela vay,Chitchat,Neutral
okela vay ban,Chitchat,Positive
okela vay bot,Chitchat,Positive
okela vay di,Chitchat,Positive
okela vay ha,Chitchat,Positive
okela vay nha,Chitchat,Positive
okela vay oi,Chitchat,Positive
okela vay thoi,Chitchat,Positive
okela vay vay,Chitchat,Positive
okie la,Chitchat,Positive
okie la bot,Chitchat,Positive
okie la di,Chitchat,Positive
okie la di bot,Chitchat,Positive
okie la di di,Chitchat,Positive
okie la di ha,Chitchat,Positive
okie la di nha,Chitchat,Positive
okie la di vay,Chitchat,Positive
okie la ha,Chitchat,Positive
okie la nha,Chitchat,Positive
okie la vay,Chitchat,Positive
ping bot,Chitchat,Neutral
ping bot a,Chitchat,Neutral
ping bot ban,Chitchat,Neutral
ping bot bot,Chitchat,Neutral
ping bot chut xiu,Chitchat,Neutral
ping bot di,Chitchat,Neutral
ping bot ha,Chitchat,Neutral
ping bot hen,Chitchat,Positive
ping bot may,Chitchat,Neutral
ping bot minh di day,Chitchat,Neutral
ping bot nha,Chitchat,Negative
ping bot nhe,Chitchat,Neutral
ping bot oi,Chitchat,Neutral
ping bot thoi,Chitchat,Negative
ping bot thoi nha,Chitchat,Neutral
ping bot thui,Chitchat,Neutral
ping bot vay,Chitchat,Neutral
rảnh không,Chitchat,Neutral
rảnh không a,Chitchat,Neutral
rảnh không ban,Chitchat,Neutral
rảnh không bot,Chitchat,Neutral
rảnh không chut xiu,Chitchat,Neutral
rảnh không di,Chitchat,Neutral
rảnh không ha,Chitchat,Neutral
rảnh không hen,Chitchat,Neutral
rảnh không may,Chitchat,Neutral
rảnh không minh di day,Chitchat,Neutral
rảnh không nha,Chitchat,Neutral
rảnh không nhe,Chitchat,Neutral
rảnh không oi,Chitchat,Neutral
rảnh không thoi,Chitchat,Neutral
rảnh không thoi nha,Chitchat,Neutral
rảnh không thui,Chitchat,Neutral
rảnh không vay,Chitchat,Neutral
sao ban im lang,Chitchat,Neutral
sao ban im lang a,Chitchat,Neutral
sao ban im lang ban,Chitchat,Negative
sao ban im lang bot,Chitchat,Neutral
sao ban im lang chut xiu,Chitchat,Negative
sao ban im lang di,Chitchat,Positive
sao ban im lang ha,Chitchat,Neutral
sao ban im lang hen,Chitchat,Neutral
sao ban im lang may,Chitchat,Neutral
sao ban im lang minh di day,Chitchat,Positive
sao ban im lang nha,Chitchat,Neutral
sao ban im lang nhe,Chitchat,Neutral
sao ban im lang oi,Chitchat,Neutral
sao ban im lang thoi,Chitchat,Neutral
sao ban im lang thoi nha,Chitchat,Neutral
sao ban im lang thui,Chitchat,Neutral
sao ban im lang vay,Chitchat,Neutral
see you,Chitchat,Positive
see you a,Chitchat,Positive
see you ban,Chitchat,Neutral
see you bot,Chitchat,Neutral
see you chut xiu,Chitchat,Positive
see you di,Chitchat,Positive
see you ha,Chitchat,Positive
see you hen,Chitchat,Neutral
see you may,Chitchat,Neutral
see you minh di day,Chitchat,Positive
see you nha,Chitchat,Neutral
see you nhe,Chitchat,Negative
see you oi,Chitchat,Positive
see you thoi,Chitchat,Neutral
see you thoi nha,Chitchat,Neutral
see you thui,Chitchat,Negative
see you vay,Chitchat,Neutral
stress lam,Chitchat,Negative
stress lam ban,Chitchat,Negative
stress lam bot,Chitchat,Negative
stress lam di,Chitchat,Negative
stress lam ha,Chitchat,Negative
stress lam nha,Chitchat,Negative
stress lam oi,Chitchat,Negative
stress lam thoi,Chitchat,Negative
stress lam vay,Chitchat,Negative
stress qua,Chitchat,Negative
stress qua ban,Chitchat,Negative
stress qua bot,Chitchat,Negative
stress qua di,Chitchat,Negative
stress qua ha,Chitchat,Negative
stress qua nha,Chitchat,Negative
stress qua oi,Chitchat,Negative
stress qua thoi,Chitchat,Negative
stress qua vay,Chitchat,Negative
tai sao phai dung app nay,Chitchat,Neutral
tam biet,Chitchat,Neutral
tam biet a,Chitchat,Neutral
tam biet ban,Chitchat,Neutral
tam biet bot,Chitchat,Neutral
tam biet chut xiu,Chitchat,Neutral
tam biet di,Chitchat,Neutral
tam biet ha,Chitchat,Neutral
tam biet hen,Chitchat,Negative
tam biet may,Chitchat,Neutral
tam biet minh di day,Chitchat,Negative
tam biet nha,Chitchat,Neutral
tam biet nhe,Chitchat,Neutral
tam biet oi,Chitchat,Positive
tam biet thoi,Chitchat,Neutral
tam biet thoi nha,Chitchat,Neutral
tam biet thui,Chitchat,Neutral
tam biet vay,Chitchat,Positive
tam dung chut,Chitchat,Neutral
tam dung chut a,Chitchat,Neutral
tam dung chut ban,Chitchat,Neutral
tam dung chut bot,Chitchat,Neutral
tam dung chut chut xiu,Chitchat,Neutral
tam dung chut di,Chitchat,Neutral
tam dung chut ha,Chitchat,Neutral
tam dung chut hen,Chitchat,Neutral
tam dung chut may,Chitchat,Neutral
tam dung chut minh di day,Chitchat,Neutral
tam dung chut nha,Chitchat,Neutral
tam dung chut nhe,Chitchat,Neutral
tam dung chut oi,Chitchat,Neutral
tam dung chut thoi,Chitchat,Neutral
tam dung chut thoi nha,Chitchat,Neutral
tam dung chut thui,Chitchat,Neutral
tam dung chut vay,Chitchat,Neutral
tam trang khong tot,Chitchat,Negative
tam trang khong tot ban,Chitchat,Negative
tam trang khong tot bot,Chitchat,Negative
tam trang khong tot di,Chitchat,Negative
tam trang khong tot ha,Chitchat,Negative
tam trang khong tot nha,Chitchat,Negative
tam trang khong tot oi,Chitchat,Negative
tam trang khong tot thoi,Chitchat,Negative
tam trang khong tot vay,Chitchat,Negative
tam trang te,Chitchat,Negative
tam trang te ban,Chitchat,Negative
tam trang te bot,Chitchat,Negative
tam trang te di,Chitchat,Negative
tam trang te ha,Chitchat,Negative
tam trang te nha,Chitchat,Negative
tam trang te oi,Chitchat,Negative
tam trang te thoi,Chitchat,Negative
tam trang te vay,Chitchat,Negative
test chat thoi,Chitchat,Positive
test chat thoi a,Chitchat,Neutral
test chat thoi ban,Chitchat,Negative
test chat thoi bot,Chitchat,Neutral
test chat thoi chut xiu,Chitchat,Positive
test chat thoi di,Chitchat,Neutral
test chat thoi ha,Chitchat,Neutral
test chat thoi hen,Chitchat,Neutral
test chat thoi may,Chitchat,Neutral
test chat thoi minh di day,Chitchat,Negative
test chat thoi nha,Chitchat,Neutral
test chat thoi nhe,Chitchat,Positive
test chat thoi oi,Chitchat,Positive
test chat thoi thoi,Chitchat,Negative
test chat thoi thoi nha,Chitchat,Neutral
test chat thoi thui,Chitchat,Positive
test chat thoi vay,Chitchat,Negative
thanks ban,Chitchat,Positive
thanks ban a,Chitchat,Neutral
thanks ban ban,Chitchat,Neutral
thanks ban bot,Chitchat,Positive
thanks ban chut xiu,Chitchat,Neutral
thanks ban di,Chitchat,Negative
thanks ban ha,Chitchat,Neutral
thanks ban hen,Chitchat,Neutral
thanks ban may,Chitchat,Neutral
thanks ban minh di day,Chitchat,Positive
thanks ban nha,Chitchat,Neutral
thanks ban nha ban,Chitchat,Positive
thanks ban nha bot,Chitchat,Positive
thanks ban nha di,Chitchat,Positive
thanks ban nha ha,Chitchat,Positive
thanks ban nha nha,Chitchat,Positive
thanks ban nha oi,Chitchat,Positive
thanks ban nha thoi,Chitchat,Positive
thanks ban nha vay,Chitchat,Positive
thanks ban nhe,Chitchat,Positive
thanks ban oi,Chitchat,Positive
thanks ban thoi,Chitchat,Neutral
thanks ban thoi nha,Chitchat,Neutral
thanks ban thui,Chitchat,Positive
thanks ban vay,Chitchat,Neutral
thanks bot,Chitchat,Positive
thanks bot bot,Chitchat,Positive
thanks bot di,Chitchat,Positive
thanks bot ha,Chitchat,Positive
thanks bot nha,Chitchat,Positive
thanks bot vay,Chitchat,Positive
thanks nha,Chitchat,Positive
thanks nha bot,Chitchat,Positive
thanks nha di,Chitchat,Positive
thanks nha ha,Chitchat,Positive
thanks nha nha,Chitchat,Positive
thanks nha vay,Chitchat,Positive
that buon,Chitchat,Negative
that buon ban,Chitchat,Negative
that buon bot,Chitchat,Negative
that buon di,Chitchat,Negative
that buon ha,Chitchat,Negative
that buon nha,Chitchat,Negative
that buon oi,Chitchat,Negative
that buon thoi,Chitchat,Negative
that buon vay,Chitchat,Negative
that vong qua,Chitchat,Negative
that vong qua ban,Chitchat,Negative
that vong qua bot,Chitchat,Negative
that vong qua di,Chitchat,Negative
that vong qua ha,Chitchat,Negative
that vong qua nha,Chitchat,Negative
that vong qua oi,Chitchat,Negative
that vong qua thoi,Chitchat,Negative
that vong qua vay,Chitchat,Negative
theme tối hay theme sáng dễ nhìn hơn theo bạn,Chitchat,Neutral
theme đẹp trên pinterest xem cho vui thôi,Chitchat,Neutral
thich app nay,Chitchat,Positive
thich app nay ban,Chitchat,Positive
thich app nay bot,Chitchat,Positive
thich app nay di,Chitchat,Positive
thich app nay ha,Chitchat,Positive
thich app nay nha,Chitchat,Positive
thich app nay oi,Chitchat,Positive
thich app nay thoi,Chitchat,Positive
thich app nay vay,Chitchat,Positive
thich lam,Chitchat,Positive
thich lam bot,Chitchat,Positive
thich lam di,Chitchat,Positive
thich lam ha,Chitchat,Positive
thich lam nha,Chitchat,Positive
thich lam vay,Chitchat,Positive
thoi tiet the nao,Chitchat,Neutral
thoi tiet the nao a,Chitchat,Negative
thoi tiet the nao ban,Chitchat,Positive
thoi tiet the nao bot,Chitchat,Positive
thoi tiet the nao chut xiu,Chitchat,Neutral
thoi tiet the nao di,Chitchat,Neutral
thoi tiet the nao ha,Chitchat,Positive
thoi tiet the nao hen,Chitchat,Neutral
thoi tiet the nao may,Chitchat,Negative
thoi tiet the nao minh di day,Chitchat,Neutral
thoi tiet the nao nha,Chitchat,Neutral
thoi tiet the nao nhe,Chitchat,Positive
thoi tiet the nao oi,Chitchat,Neutral
thoi tiet the nao thoi,Chitchat,Negative
thoi tiet the nao thoi nha,Chitchat,Negative
thoi tiet the nao thui,Chitchat,Neutral
thoi tiet the nao vay,Chitchat,Positive
tinh nang co gi,Chitchat,Neutral
tinh nang co gi ban,Chitchat,Neutral
tinh nang co gi bot,Chitchat,Neutral
tinh nang co gi di,Chitchat,Neutral
tinh nang co gi ha,Chitchat,Neutral
tinh nang co gi nha,Chitchat,Neutral
tinh nang co gi oi,Chitchat,Neutral
tinh nang co gi thoi,Chitchat,Neutral
tinh nang co gi vay,Chitchat,Neutral
toi buon,Chitchat,Neutral
toi buon a,Chitchat,Negative
toi buon ban,Chitchat,Neutral
toi buon bot,Chitchat,Neutral
toi buon chut xiu,Chitchat,Negative
toi buon di,Chitchat,Neutral
toi buon ha,Chitchat,Neutral
toi buon hen,Chitchat,Positive
toi buon may,Chitchat,Neutral
toi buon minh di day,Chitchat,Negative
toi buon nha,Chitchat,Neutral
toi buon nhe,Chitchat,Neutral
toi buon oi,Chitchat,Positive
toi buon qua,Chitchat,Negative
toi buon qua ban,Chitchat,Negative
toi buon qua bot,Chitchat,Negative
toi buon qua di,Chitchat,Negative
toi buon qua ha,Chitchat,Negative
toi buon qua nha,Chitchat,Negative
toi buon qua oi,Chitchat,Negative
toi buon qua thoi,Chitchat,Negative
toi buon qua vay,Chitchat,Negative
toi buon thoi,Chitchat,Positive
toi buon thoi nha,Chitchat,Negative
toi buon thui,Chitchat,Neutral
toi buon vay,Chitchat,Neutral
tot lam,Chitchat,Positive
tot lam bot,Chitchat,Positive
tot lam di,Chitchat,Positive
tot lam ha,Chitchat,Positive
tot lam nha,Chitchat,Positive
tot lam nha ban,Chitchat,Positive
tot lam nha bot,Chitchat,Positive
tot lam nha di,Chitchat,Positive
tot lam nha ha,Chitchat,Positive
tot lam nha nha,Chitchat,Positive
tot lam nha oi,Chitchat,Positive
tot lam nha thoi,Chitchat,Positive
tot lam nha vay,Chitchat,Positive
tot lam vay,Chitchat,Positive
tro ly tai chinh la gi vay,Chitchat,Neutral
tro ly thong minh qua,Chitchat,Neutral
tro ly thong minh qua a,Chitchat,Negative
tro ly thong minh qua ban,Chitchat,Neutral
tro ly thong minh qua bot,Chitchat,Neutral
tro ly thong minh qua chut xiu,Chitchat,Negative
tro ly thong minh qua di,Chitchat,Positive
tro ly thong minh qua ha,Chitchat,Neutral
tro ly thong minh qua hen,Chitchat,Neutral
tro ly thong minh qua may,Chitchat,Negative
tro ly thong minh qua minh di day,Chitchat,Neutral
tro ly thong minh qua nha,Chitchat,Neutral
tro ly thong minh qua nhe,Chitchat,Neutral
tro ly thong minh qua oi,Chitchat,Negative
tro ly thong minh qua thoi,Chitchat,Neutral
tro ly thong minh qua thoi nha,Chitchat,Positive
tro ly thong minh qua thui,Chitchat,Positive
tro ly thong minh qua vay,Chitchat,Neutral
trời tối rồi nhỉ,Chitchat,Neutral
tuyet voi,Chitchat,Positive
tuyet voi bot,Chitchat,Positive
tuyet voi di,Chitchat,Positive
tuyet voi ha,Chitchat,Positive
tuyet voi nha,Chitchat,Positive
tuyet voi vay,Chitchat,Positive
tối nay bạn rảnh không,Chitchat,Neutral
tối nay có đi làm không,Chitchat,Neutral
tối nay trời mát ghê,Chitchat,Positive
tối nay ăn gì hay,Chitchat,Neutral
tối nay đi đâu chơi,Chitchat,Neutral
tối qua mình mơ thấy dark mode bay lơ lửng kỳ cục ghê,Chitchat,Negative
tối qua ngủ không ngon,Chitchat,Negative
tối rồi đi ngủ sớm đi,Chitchat,Neutral
uhm uhm,Chitchat,Positive
uhm uhm a,Chitchat,Positive
uhm uhm ban,Chitchat,Negative
uhm uhm bot,Chitchat,Negative
uhm uhm chut xiu,Chitchat,Neutral
uhm uhm di,Chitchat,Positive
uhm uhm ha,Chitchat,Neutral
uhm uhm hen,Chitchat,Neutral
uhm uhm may,Chitchat,Negative
uhm uhm minh di day,Chitchat,Neutral
uhm uhm nha,Chitchat,Neutral
uhm uhm nhe,Chitchat,Negative
uhm uhm oi,Chitchat,Neutral
uhm uhm thoi,Chitchat,Neutral
uhm uhm thoi nha,Chitchat,Neutral
uhm uhm thui,Chitchat,Positive
uhm uhm vay,Chitchat,Positive
ui hay,Chitchat,Positive
ui hay bot,Chitchat,Positive
ui hay di,Chitchat,Positive
ui hay ha,Chitchat,Positive
ui hay nha,Chitchat,Positive
ui hay vay,Chitchat,Positive
ui xinh qua,Chitchat,Positive
ui xinh qua ban,Chitchat,Positive
ui xinh qua bot,Chitchat,Positive
ui xinh qua di,Chitchat,Positive
ui xinh qua ha,Chitchat,Positive
ui xinh qua nha,Chitchat,Positive
ui xinh qua oi,Chitchat,Positive
ui xinh qua thoi,Chitchat,Positive
ui xinh qua vay,Chitchat,Positive
vui qua di,Chitchat,Positive
vui qua di bot,Chitchat,Positive
vui qua di di,Chitchat,Positive
vui qua di ha,Chitchat,Positive
vui qua di nha,Chitchat,Positive
vui qua di vay,Chitchat,Positive
vui qua ha,Chitchat,Positive
vui qua ha a,Chitchat,Neutral
vui qua ha ban,Chitchat,Positive
vui qua ha bot,Chitchat,Neutral
vui qua ha chut xiu,Chitchat,Neutral
vui qua ha di,Chitchat,Positive
vui qua ha ha,Chitchat,Neutral
vui qua ha hen,Chitchat,Neutral
vui qua ha may,Chitchat,Positive
vui qua ha minh di day,Chitchat,Neutral
vui qua ha nha,Chitchat,Negative
vui qua ha nhe,Chitchat,Positive
vui qua ha oi,Chitchat,Neutral
vui qua ha thoi,Chitchat,Positive
vui qua ha thoi nha,Chitchat,Positive
vui qua ha thui,Chitchat,Neutral
vui qua ha vay,Chitchat,Positive
vui that,Chitchat,Positive
vui that ban,Chitchat,Positive
vui that bot,Chitchat,Positive
vui that di,Chitchat,Positive
vui that ha,Chitchat,Positive
vui that nha,Chitchat,Positive
vui that oi,Chitchat,Positive
vui that thoi,Chitchat,Positive
vui that vay,Chitchat,Positive
vui ve,Chitchat,Positive
vui ve bot,Chitchat,Positive
vui ve di,Chitchat,Positive
vui ve ha,Chitchat,Positive
vui ve nha,Chitchat,Positive
vui ve vay,Chitchat,Positive
wow hay,Chitchat,Positive
wow hay bot,Chitchat,Positive
wow hay di,Chitchat,Positive
wow hay ha,Chitchat,Positive
wow hay nha,Chitchat,Positive
wow hay the,Chitchat,Positive
wow hay the di,Chitchat,Positive
wow hay the ha,Chitchat,Positive
wow hay the nha,Chitchat,Positive
wow hay vay,Chitchat,Positive
xem bao cao o dau,Chitchat,Neutral
xem bao cao o dau ban,Chitchat,Neutral
xem bao cao o dau bot,Chitchat,Neutral
xem bao cao o dau di,Chitchat,Neutral
xem bao cao o dau ha,Chitchat,Neutral
xem bao cao o dau nha,Chitchat,Neutral
xem bao cao o dau oi,Chitchat,Neutral
xem bao cao o dau thoi,Chitchat,Neutral
xem bao cao o dau vay,Chitchat,Neutral
yeu bot,Chitchat,Positive
yeu bot bot,Chitchat,Positive
yeu bot di,Chitchat,Positive
yeu bot ha,Chitchat,Positive
yeu bot nha,Chitchat,Positive
yeu bot qua,Chitchat,Positive
yeu bot qua ban,Chitchat,Positive
yeu bot qua bot,Chitchat,Positive
yeu bot qua di,Chitchat,Positive
yeu bot qua ha,Chitchat,Positive
yeu bot qua nha,Chitchat,Positive
yeu bot qua oi,Chitchat,Positive
yeu bot qua thoi,Chitchat,Positive
yeu bot qua vay,Chitchat,Positive
yeu bot vay,Chitchat,Positive
Ê a,Chitchat,Neutral
Ê ban,Chitchat,Neutral
Ê bot,Chitchat,Neutral
"Ê bot ơi, hôm nay vui hông",Chitchat,Neutral
"Ê bot ơi, hôm nay vui hông #260",Chitchat,Neutral
"Ê bot ơi, hôm nay vui hông #285",Chitchat,Neutral
Ê bạn ơi,Chitchat,Neutral
Ê chut xiu,Chitchat,Positive
Ê di,Chitchat,Neutral
Ê ha,Chitchat,Neutral
Ê hen,Chitchat,Neutral
Ê may,Chitchat,Negative
Ê minh di day,Chitchat,Neutral
Ê nha,Chitchat,Neutral
Ê nhe,Chitchat,Neutral
Ê oi,Chitchat,Positive
Ê thoi,Chitchat,Neutral
Ê thoi nha,Chitchat,Neutral
Ê thui,Chitchat,Negative
Ê vay,Chitchat,Neutral
"Ê, có đó không",Chitchat,Neutral
Đang cập nhật à,Chitchat,Neutral
Đang load nè,Chitchat,Neutral
Đi dạo một mình cho khuây khỏa,Chitchat,Neutral
Đã xong rồi,Chitchat,Neutral
Đúng gu tui quá,Chitchat,Positive
Được nghỉ lễ mình sướng quá trời luôn,Chitchat,Positive
Đầu óc đang loạn nhẹ,Chitchat,Negative
Đỉnh kout luôn,Chitchat,Positive
Đỉnh kout luôn luôn,Chitchat,Positive
Đỉnh kout luôn nha,Chitchat,Positive
Đọc xong mình thấy nhẹ lòng hẳn,Chitchat,Positive
Ứng dụng này có ổn không,Chitchat,Neutral
Ứng dụng này có ổn không bot,Chitchat,Neutral
Ứng dụng này có ổn không bạn,Chitchat,Neutral
Ứng dụng này có ổn không mình,Chitchat,Neutral
Ứng dụng này có ổn không tui,Chitchat,Neutral
Ừm mình đang test chat,Chitchat,Neutral
